timestamp,sequence,battery,flags,D in-ch1
17734198182,0,-2,0,0.0000000000
17734198182,0,-2,0,0.0000000000
17734198182,0,-2,0,0.0000000000
17734198182,0,-2,0,0.0000000000
17734198182,0,-2,0,0.0000000000
17734198182,0,-2,0,0.0000000000
17734198182,0,-2,0,0.0000000000
17734198182,0,-2,0,0.0000000000
17734234390,1,-2,0,0.0000000000
17734234390,1,-2,0,0.0000000000
17734234390,1,-2,0,0.0000000000
17734234390,1,-2,0,0.0000000000
17734234390,1,-2,0,0.0000000000
17734234390,1,-2,0,0.0000000000
17734234390,1,-2,0,0.0000000000
17734234390,1,-2,0,0.0000000000
17734272328,2,-2,0,0.0000000000
17734272328,2,-2,0,0.0000000000
17734272328,2,-2,0,0.0000000000
17734272328,2,-2,0,0.0000000000
17734272328,2,-2,0,0.0000000000
17734272328,2,-2,0,0.0000000000
17734272328,2,-2,0,0.0000000000
17734272328,2,-2,0,0.0000000000
17734289640,3,-2,0,0.0000000000
17734289640,3,-2,0,0.0000000000
17734289640,3,-2,0,0.0000000000
17734289640,3,-2,0,0.0000000000
17734289640,3,-2,0,0.0000000000
17734289640,3,-2,0,0.0000000000
17734289640,3,-2,0,0.0000000000
17734289640,3,-2,0,0.0000000000
17734339458,4,-2,0,0.0000000000
17734339458,4,-2,0,0.0000000000
17734339458,4,-2,0,0.0000000000
17734339458,4,-2,0,0.0000000000
17734339458,4,-2,0,0.0000000000
17734339458,4,-2,0,0.0000000000
17734339458,4,-2,0,0.0000000000
17734339458,4,-2,0,0.0000000000
17734396956,5,-2,0,0.0000000000
17734396956,5,-2,0,0.0000000000
17734396956,5,-2,0,0.0000000000
17734396956,5,-2,0,0.0000000000
17734396956,5,-2,0,0.0000000000
17734396956,5,-2,0,0.0000000000
17734396956,5,-2,0,0.0000000000
17734396956,5,-2,0,0.0000000000
17734414701,6,-2,0,0.0000000000
17734414701,6,-2,0,0.0000000000
17734414701,6,-2,0,0.0000000000
17734414701,6,-2,0,0.0000000000
17734414701,6,-2,0,0.0000000000
17734414701,6,-2,0,0.0000000000
17734414701,6,-2,0,0.0000000000
17734414701,6,-2,0,0.0000000000
17734428862,7,-2,0,0.0000000000
17734428862,7,-2,0,0.0000000000
17734428862,7,-2,0,0.0000000000
17734428862,7,-2,0,0.0000000000
17734428862,7,-2,0,0.0000000000
17734428862,7,-2,0,0.0000000000
17734428862,7,-2,0,0.0000000000
17734428862,7,-2,0,0.0000000000
17734466097,8,-2,0,0.0000000000
17734466097,8,-2,0,0.0000000000
17734466097,8,-2,0,0.0000000000
17734466097,8,-2,0,0.0000000000
17734466097,8,-2,0,0.0000000000
17734466097,8,-2,0,0.0000000000
17734466097,8,-2,0,0.0000000000
17734466097,8,-2,0,0.0000000000
17734491240,9,-2,0,0.0000000000
17734491240,9,-2,0,0.0000000000
17734491240,9,-2,0,0.0000000000
17734491240,9,-2,0,0.0000000000
17734491240,9,-2,0,0.0000000000
17734491240,9,-2,0,0.0000000000
17734491240,9,-2,0,0.0000000000
17734491240,9,-2,0,0.0000000000
17734504600,10,-2,0,0.0000000000
17734504600,10,-2,0,0.0000000000
17734504600,10,-2,0,0.0000000000
17734504600,10,-2,0,0.0000000000
17734504600,10,-2,0,0.0000000000
17734504600,10,-2,0,0.0000000000
17734504600,10,-2,0,0.0000000000
17734504600,10,-2,0,0.0000000000
17734554589,11,-2,0,0.0000000000
17734554589,11,-2,0,0.0000000000
17734554589,11,-2,0,0.0000000000
17734554589,11,-2,0,0.0000000000
17734554589,11,-2,0,0.0000000000
17734554589,11,-2,0,0.0000000000
17734554589,11,-2,0,0.0000000000
17734554589,11,-2,0,0.0000000000
17734568497,12,-2,0,0.0000000000
17734568497,12,-2,0,0.0000000000
17734568497,12,-2,0,0.0000000000
17734568497,12,-2,0,0.0000000000
17734568497,12,-2,0,0.0000000000
17734568497,12,-2,0,0.0000000000
17734568497,12,-2,0,0.0000000000
17734568497,12,-2,0,0.0000000000
17734613516,13,-2,0,0.0000000000
17734613516,13,-2,0,0.0000000000
17734613516,13,-2,0,0.0000000000
17734613516,13,-2,0,0.0000000000
17734613516,13,-2,0,0.0000000000
17734613516,13,-2,0,0.0000000000
17734613516,13,-2,0,0.0000000000
17734613516,13,-2,0,0.0000000000
17734636083,14,-2,0,0.0000000000
17734636083,14,-2,0,0.0000000000
17734636083,14,-2,0,0.0000000000
17734636083,14,-2,0,0.0000000000
17734636083,14,-2,0,0.0000000000
17734636083,14,-2,0,0.0000000000
17734636083,14,-2,0,0.0000000000
17734636083,14,-2,0,0.0000000000
17734677251,15,-2,0,0.0000000000
17734677251,15,-2,0,0.0000000000
17734677251,15,-2,0,0.0000000000
17734677251,15,-2,0,0.0000000000
17734677251,15,-2,0,0.0000000000
17734677251,15,-2,0,0.0000000000
17734677251,15,-2,0,0.0000000000
17734677251,15,-2,0,0.0000000000
17734691869,16,-2,0,0.0000000000
17734691869,16,-2,0,0.0000000000
17734691869,16,-2,0,0.0000000000
17734691869,16,-2,0,0.0000000000
17734691869,16,-2,0,0.0000000000
17734691869,16,-2,0,0.0000000000
17734691869,16,-2,0,0.0000000000
17734691869,16,-2,0,0.0000000000
17734764544,17,-2,0,0.0000000000
17734764544,17,-2,0,0.0000000000
17734764544,17,-2,0,0.0000000000
17734764544,17,-2,0,0.0000000000
17734764544,17,-2,0,0.0000000000
17734764544,17,-2,0,0.0000000000
17734764544,17,-2,0,0.0000000000
17734764544,17,-2,0,0.0000000000
17734774747,18,-2,0,0.0000000000
17734774747,18,-2,0,0.0000000000
17734774747,18,-2,0,0.0000000000
17734774747,18,-2,0,0.0000000000
17734774747,18,-2,0,0.0000000000
17734774747,18,-2,0,0.0000000000
17734774747,18,-2,0,0.0000000000
17734774747,18,-2,0,0.0000000000
17734787170,19,-2,0,0.0000000000
17734787170,19,-2,0,0.0000000000
17734787170,19,-2,0,0.0000000000
17734787170,19,-2,0,0.0000000000
17734787170,19,-2,0,0.0000000000
17734787170,19,-2,0,0.0000000000
17734787170,19,-2,0,0.0000000000
17734787170,19,-2,0,0.0000000000
17734827201,20,-2,0,0.0000000000
17734827201,20,-2,0,0.0000000000
17734827201,20,-2,0,0.0000000000
17734827201,20,-2,0,0.0000000000
17734827201,20,-2,0,0.0000000000
17734827201,20,-2,0,0.0000000000
17734827201,20,-2,0,0.0000000000
17734827201,20,-2,0,0.0000000000
17734850654,21,-2,0,0.0000000000
17734850654,21,-2,0,0.0000000000
17734850654,21,-2,0,0.0000000000
17734850654,21,-2,0,0.0000000000
17734850654,21,-2,0,0.0000000000
17734850654,21,-2,0,0.0000000000
17734850654,21,-2,0,0.0000000000
17734850654,21,-2,0,0.0000000000
17734879352,22,-2,0,0.0000000000
17734879352,22,-2,0,0.0000000000
17734879352,22,-2,0,0.0000000000
17734879352,22,-2,0,0.0000000000
17734879352,22,-2,0,0.0000000000
17734879352,22,-2,0,0.0000000000
17734879352,22,-2,0,0.0000000000
17734879352,22,-2,0,0.0000000000
17734924630,23,-2,0,0.0000000000
17734924630,23,-2,0,0.0000000000
17734924630,23,-2,0,0.0000000000
17734924630,23,-2,0,0.0000000000
17734924630,23,-2,0,0.0000000000
17734924630,23,-2,0,0.0000000000
17734924630,23,-2,0,0.0000000000
17734924630,23,-2,0,0.0000000000
17734973260,24,-2,0,0.0000000000
17734973260,24,-2,0,0.0000000000
17734973260,24,-2,0,0.0000000000
17734973260,24,-2,0,0.0000000000
17734973260,24,-2,0,0.0000000000
17734973260,24,-2,0,0.0000000000
17734973260,24,-2,0,0.0000000000
17734973260,24,-2,0,0.0000000000
17734986064,25,-2,0,0.0000000000
17734986064,25,-2,0,0.0000000000
17734986064,25,-2,0,0.0000000000
17734986064,25,-2,0,0.0000000000
17734986064,25,-2,0,0.0000000000
17734986064,25,-2,0,0.0000000000
17734986064,25,-2,0,0.0000000000
17734986064,25,-2,0,0.0000000000
17735014346,26,-2,0,0.0000000000
17735014346,26,-2,0,0.0000000000
17735014346,26,-2,0,0.0000000000
17735014346,26,-2,0,0.0000000000
17735014346,26,-2,0,0.0000000000
17735014346,26,-2,0,0.0000000000
17735014346,26,-2,0,0.0000000000
17735014346,26,-2,0,0.0000000000
17735046767,27,-2,0,0.0000000000
17735046767,27,-2,0,0.0000000000
17735046767,27,-2,0,0.0000000000
17735046767,27,-2,0,0.0000000000
17735046767,27,-2,0,0.0000000000
17735046767,27,-2,0,0.0000000000
17735046767,27,-2,0,0.0000000000
17735046767,27,-2,0,0.0000000000
17735127141,28,-2,0,0.0000000000
17735127141,28,-2,0,0.0000000000
17735127141,28,-2,0,0.0000000000
17735127141,28,-2,0,0.0000000000
17735127141,28,-2,0,0.0000000000
17735127141,28,-2,0,0.0000000000
17735127141,28,-2,0,0.0000000000
17735127141,28,-2,0,0.0000000000
17735139808,29,-2,0,0.0000000000
17735139808,29,-2,0,0.0000000000
17735139808,29,-2,0,0.0000000000
17735139808,29,-2,0,0.0000000000
17735139808,29,-2,0,0.0000000000
17735139808,29,-2,0,0.0000000000
17735139808,29,-2,0,0.0000000000
17735139808,29,-2,0,0.0000000000
17735160979,30,-2,0,0.0000000000
17735160979,30,-2,0,0.0000000000
17735160979,30,-2,0,0.0000000000
17735160979,30,-2,0,0.0000000000
17735160979,30,-2,0,0.0000000000
17735160979,30,-2,0,0.0000000000
17735160979,30,-2,0,0.0000000000
17735160979,30,-2,0,0.0000000000
17735173186,31,3,0,0.0000000000
17735173186,31,3,0,0.0000000000
17735173186,31,3,0,0.0000000000
17735173186,31,3,0,0.0000000000
17735173186,31,3,0,0.0000000000
17735173186,31,3,0,0.0000000000
17735173186,31,3,0,0.0000000000
17735173186,31,3,0,0.0000000000
17735222215,32,3,0,0.0000000000
17735222215,32,3,0,0.0000000000
17735222215,32,3,0,0.0000000000
17735222215,32,3,0,0.0000000000
17735222215,32,3,0,0.0000000000
17735222215,32,3,0,0.0000000000
17735222215,32,3,0,0.0000000000
17735222215,32,3,0,0.0000000000
17735234693,33,3,0,0.0000000000
17735234693,33,3,0,0.0000000000
17735234693,33,3,0,0.0000000000
17735234693,33,3,0,0.0000000000
17735234693,33,3,0,0.0000000000
17735234693,33,3,0,0.0000000000
17735234693,33,3,0,0.0000000000
17735234693,33,3,0,0.0000000000
17735268762,34,3,0,0.0000000000
17735268762,34,3,0,0.0000000000
17735268762,34,3,0,0.0000000000
17735268762,34,3,0,0.0000000000
17735268762,34,3,0,0.0000000000
17735268762,34,3,0,0.0000000000
17735268762,34,3,0,0.0000000000
17735268762,34,3,0,0.0000000000
17735285978,35,3,0,0.0000000000
17735285978,35,3,0,0.0000000000
17735285978,35,3,0,0.0000000000
17735285978,35,3,0,0.0000000000
17735285978,35,3,0,0.0000000000
17735285978,35,3,0,0.0000000000
17735285978,35,3,0,0.0000000000
17735285978,35,3,0,0.0000000000
17735329618,36,3,0,0.0000000000
17735329618,36,3,0,0.0000000000
17735329618,36,3,0,0.0000000000
17735329618,36,3,0,0.0000000000
17735329618,36,3,0,0.0000000000
17735329618,36,3,0,0.0000000000
17735329618,36,3,0,0.0000000000
17735329618,36,3,0,0.0000000000
17735348579,37,3,0,0.0000000000
17735348579,37,3,0,0.0000000000
17735348579,37,3,0,0.0000000000
17735348579,37,3,0,0.0000000000
17735348579,37,3,0,0.0000000000
17735348579,37,3,0,0.0000000000
17735348579,37,3,0,0.0000000000
17735348579,37,3,0,0.0000000000
17735378531,38,3,0,0.0000000000
17735378531,38,3,0,0.0000000000
17735378531,38,3,0,0.0000000000
17735378531,38,3,0,0.0000000000
17735378531,38,3,0,0.0000000000
17735378531,38,3,0,0.0000000000
17735378531,38,3,0,0.0000000000
17735378531,38,3,0,0.0000000000
17735430968,39,3,0,0.0000000000
17735430968,39,3,0,0.0000000000
17735430968,39,3,0,0.0000000000
17735430968,39,3,0,0.0000000000
17735430968,39,3,0,0.0000000000
17735430968,39,3,0,0.0000000000
17735430968,39,3,0,0.0000000000
17735430968,39,3,0,0.0000000000
17735441852,40,3,0,0.0000000000
17735441852,40,3,0,0.0000000000
17735441852,40,3,0,0.0000000000
17735441852,40,3,0,0.0000000000
17735441852,40,3,0,0.0000000000
17735441852,40,3,0,0.0000000000
17735441852,40,3,0,0.0000000000
17735441852,40,3,0,0.0000000000
17735509741,41,3,0,0.0000000000
17735509741,41,3,0,0.0000000000
17735509741,41,3,0,0.0000000000
17735509741,41,3,0,0.0000000000
17735509741,41,3,0,0.0000000000
17735509741,41,3,0,0.0000000000
17735509741,41,3,0,0.0000000000
17735509741,41,3,0,0.0000000000
17735522238,42,3,0,0.0000000000
17735522238,42,3,0,0.0000000000
17735522238,42,3,0,0.0000000000
17735522238,42,3,0,0.0000000000
17735522238,42,3,0,0.0000000000
17735522238,42,3,0,0.0000000000
17735522238,42,3,0,0.0000000000
17735522238,42,3,0,0.0000000000
17735535927,43,3,0,0.0000000000
17735535927,43,3,0,0.0000000000
17735535927,43,3,0,0.0000000000
17735535927,43,3,0,0.0000000000
17735535927,43,3,0,0.0000000000
17735535927,43,3,0,0.0000000000
17735535927,43,3,0,0.0000000000
17735535927,43,3,0,0.0000000000
17735609718,44,3,0,0.0000000000
17735609718,44,3,0,0.0000000000
17735609718,44,3,0,0.0000000000
17735609718,44,3,0,0.0000000000
17735609718,44,3,0,0.0000000000
17735609718,44,3,0,0.0000000000
17735609718,44,3,0,0.0000000000
17735609718,44,3,0,0.0000000000
17735624418,45,3,0,0.0000000000
17735624418,45,3,0,0.0000000000
17735624418,45,3,0,0.0000000000
17735624418,45,3,0,0.0000000000
17735624418,45,3,0,0.0000000000
17735624418,45,3,0,0.0000000000
17735624418,45,3,0,0.0000000000
17735624418,45,3,0,0.0000000000
17735629517,46,3,0,0.0000000000
17735629517,46,3,0,0.0000000000
17735629517,46,3,0,0.0000000000
17735629517,46,3,0,0.0000000000
17735629517,46,3,0,0.0000000000
17735629517,46,3,0,0.0000000000
17735629517,46,3,0,0.0000000000
17735629517,46,3,0,0.0000000000
17735670128,47,3,0,0.0000000000
17735670128,47,3,0,0.0000000000
17735670128,47,3,0,0.0000000000
17735670128,47,3,0,0.0000000000
17735670128,47,3,0,0.0000000000
17735670128,47,3,0,0.0000000000
17735670128,47,3,0,0.0000000000
17735670128,47,3,0,0.0000000000
17735697152,48,3,0,0.0000000000
17735697152,48,3,0,0.0000000000
17735697152,48,3,0,0.0000000000
17735697152,48,3,0,0.0000000000
17735697152,48,3,0,0.0000000000
17735697152,48,3,0,0.0000000000
17735697152,48,3,0,0.0000000000
17735697152,48,3,0,0.0000000000
17735722344,49,3,0,0.0000000000
17735722344,49,3,0,0.0000000000
17735722344,49,3,0,0.0000000000
17735722344,49,3,0,0.0000000000
17735722344,49,3,0,0.0000000000
17735722344,49,3,0,0.0000000000
17735722344,49,3,0,0.0000000000
17735722344,49,3,0,0.0000000000
17735751059,50,3,0,0.0000000000
17735751059,50,3,0,0.0000000000
17735751059,50,3,0,0.0000000000
17735751059,50,3,0,0.0000000000
17735751059,50,3,0,0.0000000000
17735751059,50,3,0,0.0000000000
17735751059,50,3,0,0.0000000000
17735751059,50,3,0,0.0000000000
17735805876,51,3,0,0.0000000000
17735805876,51,3,0,0.0000000000
17735805876,51,3,0,0.0000000000
17735805876,51,3,0,0.0000000000
17735805876,51,3,0,0.0000000000
17735805876,51,3,0,0.0000000000
17735805876,51,3,0,0.0000000000
17735805876,51,3,0,0.0000000000
17735861007,52,3,0,0.0000000000
17735861007,52,3,0,0.0000000000
17735861007,52,3,0,0.0000000000
17735861007,52,3,0,0.0000000000
17735861007,52,3,0,0.0000000000
17735861007,52,3,0,0.0000000000
17735861007,52,3,0,0.0000000000
17735861007,52,3,0,0.0000000000
17735888578,53,3,0,0.0000000000
17735888578,53,3,0,0.0000000000
17735888578,53,3,0,0.0000000000
17735888578,53,3,0,0.0000000000
17735888578,53,3,0,0.0000000000
17735888578,53,3,0,0.0000000000
17735888578,53,3,0,0.0000000000
17735888578,53,3,0,0.0000000000
17735903455,54,3,0,0.0000000000
17735903455,54,3,0,0.0000000000
17735903455,54,3,0,0.0000000000
17735903455,54,3,0,0.0000000000
17735903455,54,3,0,0.0000000000
17735903455,54,3,0,0.0000000000
17735903455,54,3,0,0.0000000000
17735903455,54,3,0,0.0000000000
17735914716,55,3,0,0.0000000000
17735914716,55,3,0,0.0000000000
17735914716,55,3,0,0.0000000000
17735914716,55,3,0,0.0000000000
17735914716,55,3,0,0.0000000000
17735914716,55,3,0,0.0000000000
17735914716,55,3,0,0.0000000000
17735914716,55,3,0,0.0000000000
17735946913,56,3,0,0.0000000000
17735946913,56,3,0,0.0000000000
17735946913,56,3,0,0.0000000000
17735946913,56,3,0,0.0000000000
17735946913,56,3,0,0.0000000000
17735946913,56,3,0,0.0000000000
17735946913,56,3,0,0.0000000000
17735946913,56,3,0,0.0000000000
17735974944,57,3,0,0.0000000000
17735974944,57,3,0,0.0000000000
17735974944,57,3,0,0.0000000000
17735974944,57,3,0,0.0000000000
17735974944,57,3,0,0.0000000000
17735974944,57,3,0,0.0000000000
17735974944,57,3,0,0.0000000000
17735974944,57,3,0,0.0000000000
17736017533,58,3,0,0.0000000000
17736017533,58,3,0,0.0000000000
17736017533,58,3,0,0.0000000000
17736017533,58,3,0,0.0000000000
17736017533,58,3,0,0.0000000000
17736017533,58,3,0,0.0000000000
17736017533,58,3,0,0.0000000000
17736017533,58,3,0,0.0000000000
17736037229,59,3,0,0.0000000000
17736037229,59,3,0,0.0000000000
17736037229,59,3,0,0.0000000000
17736037229,59,3,0,0.0000000000
17736037229,59,3,0,0.0000000000
17736037229,59,3,0,0.0000000000
17736037229,59,3,0,0.0000000000
17736037229,59,3,0,0.0000000000
17736077010,60,3,0,0.0000000000
17736077010,60,3,0,0.0000000000
17736077010,60,3,0,0.0000000000
17736077010,60,3,0,0.0000000000
17736077010,60,3,0,0.0000000000
17736077010,60,3,0,0.0000000000
17736077010,60,3,0,0.0000000000
17736077010,60,3,0,0.0000000000
17736098476,61,3,0,0.0000000000
17736098476,61,3,0,0.0000000000
17736098476,61,3,0,0.0000000000
17736098476,61,3,0,0.0000000000
17736098476,61,3,0,0.0000000000
17736098476,61,3,0,0.0000000000
17736098476,61,3,0,0.0000000000
17736098476,61,3,0,0.0000000000
17736139671,62,3,0,0.0000000000
17736139671,62,3,0,0.0000000000
17736139671,62,3,0,0.0000000000
17736139671,62,3,0,0.0000000000
17736139671,62,3,0,0.0000000000
17736139671,62,3,0,0.0000000000
17736139671,62,3,0,0.0000000000
17736139671,62,3,0,0.0000000000
17736164710,63,2,0,0.0000000000
17736164710,63,2,0,0.0000000000
17736164710,63,2,0,0.0000000000
17736164710,63,2,0,0.0000000000
17736164710,63,2,0,0.0000000000
17736164710,63,2,0,0.0000000000
17736164710,63,2,0,0.0000000000
17736164710,63,2,0,0.0000000000
17736265482,64,2,0,0.0000000000
17736265482,64,2,0,0.0000000000
17736265482,64,2,0,0.0000000000
17736265482,64,2,0,0.0000000000
17736265482,64,2,0,0.0000000000
17736265482,64,2,0,0.0000000000
17736265482,64,2,0,0.0000000000
17736265482,64,2,0,0.0000000000
17736278243,65,2,0,0.0000000000
17736278243,65,2,0,0.0000000000
17736278243,65,2,0,0.0000000000
17736278243,65,2,0,0.0000000000
17736278243,65,2,0,0.0000000000
17736278243,65,2,0,0.0000000000
17736278243,65,2,0,0.0000000000
17736278243,65,2,0,0.0000000000
17736288494,66,2,0,0.0000000000
17736288494,66,2,0,0.0000000000
17736288494,66,2,0,0.0000000000
17736288494,66,2,0,0.0000000000
17736288494,66,2,0,0.0000000000
17736288494,66,2,0,0.0000000000
17736288494,66,2,0,0.0000000000
17736288494,66,2,0,0.0000000000
17736299715,67,2,0,0.0000000000
17736299715,67,2,0,0.0000000000
17736299715,67,2,0,0.0000000000
17736299715,67,2,0,0.0000000000
17736299715,67,2,0,0.0000000000
17736299715,67,2,0,0.0000000000
17736299715,67,2,0,0.0000000000
17736299715,67,2,0,0.0000000000
17736327238,68,2,0,0.0000000000
17736327238,68,2,0,0.0000000000
17736327238,68,2,0,0.0000000000
17736327238,68,2,0,0.0000000000
17736327238,68,2,0,0.0000000000
17736327238,68,2,0,0.0000000000
17736327238,68,2,0,0.0000000000
17736327238,68,2,0,0.0000000000
17736347218,69,2,0,0.0000000000
17736347218,69,2,0,0.0000000000
17736347218,69,2,0,0.0000000000
17736347218,69,2,0,0.0000000000
17736347218,69,2,0,0.0000000000
17736347218,69,2,0,0.0000000000
17736347218,69,2,0,0.0000000000
17736347218,69,2,0,0.0000000000
17736389767,70,2,0,0.0000000000
17736389767,70,2,0,0.0000000000
17736389767,70,2,0,0.0000000000
17736389767,70,2,0,0.0000000000
17736389767,70,2,0,0.0000000000
17736389767,70,2,0,0.0000000000
17736389767,70,2,0,0.0000000000
17736389767,70,2,0,0.0000000000
17736414753,71,2,0,0.0000000000
17736414753,71,2,0,0.0000000000
17736414753,71,2,0,0.0000000000
17736414753,71,2,0,0.0000000000
17736414753,71,2,0,0.0000000000
17736414753,71,2,0,0.0000000000
17736414753,71,2,0,0.0000000000
17736414753,71,2,0,0.0000000000
17736449469,72,2,0,0.0000000000
17736449469,72,2,0,0.0000000000
17736449469,72,2,0,0.0000000000
17736449469,72,2,0,0.0000000000
17736449469,72,2,0,0.0000000000
17736449469,72,2,0,0.0000000000
17736449469,72,2,0,0.0000000000
17736449469,72,2,0,0.0000000000
17736472346,73,2,0,0.0000000000
17736472346,73,2,0,0.0000000000
17736472346,73,2,0,0.0000000000
17736472346,73,2,0,0.0000000000
17736472346,73,2,0,0.0000000000
17736472346,73,2,0,0.0000000000
17736472346,73,2,0,0.0000000000
17736472346,73,2,0,0.0000000000
17736514663,74,2,0,0.0000000000
17736514663,74,2,0,0.0000000000
17736514663,74,2,0,0.0000000000
17736514663,74,2,0,0.0000000000
17736514663,74,2,0,0.0000000000
17736514663,74,2,0,0.0000000000
17736514663,74,2,0,0.0000000000
17736514663,74,2,0,0.0000000000
17736534625,75,2,0,0.0000000000
17736534625,75,2,0,0.0000000000
17736534625,75,2,0,0.0000000000
17736534625,75,2,0,0.0000000000
17736534625,75,2,0,0.0000000000
17736534625,75,2,0,0.0000000000
17736534625,75,2,0,0.0000000000
17736534625,75,2,0,0.0000000000
17736611083,76,2,0,0.0000000000
17736611083,76,2,0,0.0000000000
17736611083,76,2,0,0.0000000000
17736611083,76,2,0,0.0000000000
17736611083,76,2,0,0.0000000000
17736611083,76,2,0,0.0000000000
17736611083,76,2,0,0.0000000000
17736611083,76,2,0,0.0000000000
17736625739,77,2,0,0.0000000000
17736625739,77,2,0,0.0000000000
17736625739,77,2,0,0.0000000000
17736625739,77,2,0,0.0000000000
17736625739,77,2,0,0.0000000000
17736625739,77,2,0,0.0000000000
17736625739,77,2,0,0.0000000000
17736625739,77,2,0,0.0000000000
17736640900,78,2,0,0.0000000000
17736640900,78,2,0,0.0000000000
17736640900,78,2,0,0.0000000000
17736640900,78,2,0,0.0000000000
17736640900,78,2,0,0.0000000000
17736640900,78,2,0,0.0000000000
17736640900,78,2,0,0.0000000000
17736640900,78,2,0,0.0000000000
17736672285,79,2,0,0.0000000000
17736672285,79,2,0,0.0000000000
17736672285,79,2,0,0.0000000000
17736672285,79,2,0,0.0000000000
17736672285,79,2,0,0.0000000000
17736672285,79,2,0,0.0000000000
17736672285,79,2,0,0.0000000000
17736672285,79,2,0,0.0000000000
17736697281,80,2,0,0.0000000000
17736697281,80,2,0,0.0000000000
17736697281,80,2,0,0.0000000000
17736697281,80,2,0,0.0000000000
17736697281,80,2,0,0.0000000000
17736697281,80,2,0,0.0000000000
17736697281,80,2,0,0.0000000000
17736697281,80,2,0,0.0000000000
17736724670,81,2,0,0.0000000000
17736724670,81,2,0,0.0000000000
17736724670,81,2,0,0.0000000000
17736724670,81,2,0,0.0000000000
17736724670,81,2,0,0.0000000000
17736724670,81,2,0,0.0000000000
17736724670,81,2,0,0.0000000000
17736724670,81,2,0,0.0000000000
17736752153,82,2,0,0.0000000000
17736752153,82,2,0,0.0000000000
17736752153,82,2,0,0.0000000000
17736752153,82,2,0,0.0000000000
17736752153,82,2,0,0.0000000000
17736752153,82,2,0,0.0000000000
17736752153,82,2,0,0.0000000000
17736752153,82,2,0,0.0000000000
17736799680,83,2,0,0.0000000000
17736799680,83,2,0,0.0000000000
17736799680,83,2,0,0.0000000000
17736799680,83,2,0,0.0000000000
17736799680,83,2,0,0.0000000000
17736799680,83,2,0,0.0000000000
17736799680,83,2,0,0.0000000000
17736799680,83,2,0,0.0000000000
17736839750,84,2,0,0.0000000000
17736839750,84,2,0,0.0000000000
17736839750,84,2,0,0.0000000000
17736839750,84,2,0,0.0000000000
17736839750,84,2,0,0.0000000000
17736839750,84,2,0,0.0000000000
17736839750,84,2,0,0.0000000000
17736839750,84,2,0,0.0000000000
17736909501,85,2,0,0.0000000000
17736909501,85,2,0,0.0000000000
17736909501,85,2,0,0.0000000000
17736909501,85,2,0,0.0000000000
17736909501,85,2,0,0.0000000000
17736909501,85,2,0,0.0000000000
17736909501,85,2,0,0.0000000000
17736909501,85,2,0,0.0000000000
17736959649,86,2,0,0.0000000000
17736959649,86,2,0,0.0000000000
17736959649,86,2,0,0.0000000000
17736959649,86,2,0,0.0000000000
17736959649,86,2,0,0.0000000000
17736959649,86,2,0,0.0000000000
17736959649,86,2,0,0.0000000000
17736959649,86,2,0,0.0000000000
17736989685,87,2,0,0.0000000000
17736989685,87,2,0,0.0000000000
17736989685,87,2,0,0.0000000000
17736989685,87,2,0,0.0000000000
17736989685,87,2,0,0.0000000000
17736989685,87,2,0,0.0000000000
17736989685,87,2,0,0.0000000000
17736989685,87,2,0,0.0000000000
17737001023,88,2,0,0.0000000000
17737001023,88,2,0,0.0000000000
17737001023,88,2,0,0.0000000000
17737001023,88,2,0,0.0000000000
17737001023,88,2,0,0.0000000000
17737001023,88,2,0,0.0000000000
17737001023,88,2,0,0.0000000000
17737001023,88,2,0,0.0000000000
17737025691,89,2,0,0.0000000000
17737025691,89,2,0,0.0000000000
17737025691,89,2,0,0.0000000000
17737025691,89,2,0,0.0000000000
17737025691,89,2,0,0.0000000000
17737025691,89,2,0,0.0000000000
17737025691,89,2,0,0.0000000000
17737025691,89,2,0,0.0000000000
17737038525,90,2,0,0.0000000000
17737038525,90,2,0,0.0000000000
17737038525,90,2,0,0.0000000000
17737038525,90,2,0,0.0000000000
17737038525,90,2,0,0.0000000000
17737038525,90,2,0,0.0000000000
17737038525,90,2,0,0.0000000000
17737038525,90,2,0,0.0000000000
17737054748,91,2,0,0.0000000000
17737054748,91,2,0,0.0000000000
17737054748,91,2,0,0.0000000000
17737054748,91,2,0,0.0000000000
17737054748,91,2,0,0.0000000000
17737054748,91,2,0,0.0000000000
17737054748,91,2,0,0.0000000000
17737054748,91,2,0,0.0000000000
17737097237,92,2,0,0.0000000000
17737097237,92,2,0,0.0000000000
17737097237,92,2,0,0.0000000000
17737097237,92,2,0,0.0000000000
17737097237,92,2,0,0.0000000000
17737097237,92,2,0,0.0000000000
17737097237,92,2,0,0.0000000000
17737097237,92,2,0,0.0000000000
17737100957,93,2,0,0.0000000000
17737100957,93,2,0,0.0000000000
17737100957,93,2,0,0.0000000000
17737100957,93,2,0,0.0000000000
17737100957,93,2,0,0.0000000000
17737100957,93,2,0,0.0000000000
17737100957,93,2,0,0.0000000000
17737100957,93,2,0,0.0000000000
17737147236,94,2,0,0.0000000000
17737147236,94,2,0,0.0000000000
17737147236,94,2,0,0.0000000000
17737147236,94,2,0,0.0000000000
17737147236,94,2,0,0.0000000000
17737147236,94,2,0,0.0000000000
17737147236,94,2,0,0.0000000000
17737147236,94,2,0,0.0000000000
17737162114,95,2,0,0.0000000000
17737162114,95,2,0,0.0000000000
17737162114,95,2,0,0.0000000000
17737162114,95,2,0,0.0000000000
17737162114,95,2,0,0.0000000000
17737162114,95,2,0,0.0000000000
17737162114,95,2,0,0.0000000000
17737162114,95,2,0,0.0000000000
17737199699,96,2,0,0.0000000000
17737199699,96,2,0,0.0000000000
17737199699,96,2,0,0.0000000000
17737199699,96,2,0,0.0000000000
17737199699,96,2,0,0.0000000000
17737199699,96,2,0,0.0000000000
17737199699,96,2,0,0.0000000000
17737199699,96,2,0,0.0000000000
17737222325,97,2,0,0.0000000000
17737222325,97,2,0,0.0000000000
17737222325,97,2,0,0.0000000000
17737222325,97,2,0,0.0000000000
17737222325,97,2,0,0.0000000000
17737222325,97,2,0,0.0000000000
17737222325,97,2,0,0.0000000000
17737222325,97,2,0,0.0000000000
17737264418,98,2,0,0.0000000000
17737264418,98,2,0,0.0000000000
17737264418,98,2,0,0.0000000000
17737264418,98,2,0,0.0000000000
17737264418,98,2,0,0.0000000000
17737264418,98,2,0,0.0000000000
17737264418,98,2,0,0.0000000000
17737264418,98,2,0,0.0000000000
17737329565,99,2,0,0.0000000000
17737329565,99,2,0,0.0000000000
17737329565,99,2,0,0.0000000000
17737329565,99,2,0,0.0000000000
17737329565,99,2,0,0.0000000000
17737329565,99,2,0,0.0000000000
17737329565,99,2,0,0.0000000000
17737329565,99,2,0,0.0000000000
17737341823,100,2,0,0.0000000000
17737341823,100,2,0,0.0000000000
17737341823,100,2,0,0.0000000000
17737341823,100,2,0,0.0000000000
17737341823,100,2,0,0.0000000000
17737341823,100,2,0,0.0000000000
17737341823,100,2,0,0.0000000000
17737341823,100,2,0,0.0000000000
17737353492,101,2,0,0.0000000000
17737353492,101,2,0,0.0000000000
17737353492,101,2,0,0.0000000000
17737353492,101,2,0,0.0000000000
17737353492,101,2,0,0.0000000000
17737353492,101,2,0,0.0000000000
17737353492,101,2,0,0.0000000000
17737353492,101,2,0,0.0000000000
17737397250,102,2,0,0.0000000000
17737397250,102,2,0,0.0000000000
17737397250,102,2,0,0.0000000000
17737397250,102,2,0,0.0000000000
17737397250,102,2,0,0.0000000000
17737397250,102,2,0,0.0000000000
17737397250,102,2,0,0.0000000000
17737397250,102,2,0,0.0000000000
17737413199,103,2,0,0.0000000000
17737413199,103,2,0,0.0000000000
17737413199,103,2,0,0.0000000000
17737413199,103,2,0,0.0000000000
17737413199,103,2,0,0.0000000000
17737413199,103,2,0,0.0000000000
17737413199,103,2,0,0.0000000000
17737413199,103,2,0,0.0000000000
17737449704,104,2,0,0.0000000000
17737449704,104,2,0,0.0000000000
17737449704,104,2,0,0.0000000000
17737449704,104,2,0,0.0000000000
17737449704,104,2,0,0.0000000000
17737449704,104,2,0,0.0000000000
17737449704,104,2,0,0.0000000000
17737449704,104,2,0,0.0000000000
17737475651,105,2,0,0.0000000000
17737475651,105,2,0,0.0000000000
17737475651,105,2,0,0.0000000000
17737475651,105,2,0,0.0000000000
17737475651,105,2,0,0.0000000000
17737475651,105,2,0,0.0000000000
17737475651,105,2,0,0.0000000000
17737475651,105,2,0,0.0000000000
17737529255,106,2,0,0.0000000000
17737529255,106,2,0,0.0000000000
17737529255,106,2,0,0.0000000000
17737529255,106,2,0,0.0000000000
17737529255,106,2,0,0.0000000000
17737529255,106,2,0,0.0000000000
17737529255,106,2,0,0.0000000000
17737529255,106,2,0,0.0000000000
17737540594,107,2,0,0.0000000000
17737540594,107,2,0,0.0000000000
17737540594,107,2,0,0.0000000000
17737540594,107,2,0,0.0000000000
17737540594,107,2,0,0.0000000000
17737540594,107,2,0,0.0000000000
17737540594,107,2,0,0.0000000000
17737540594,107,2,0,0.0000000000
17737584832,108,2,0,0.0000000000
17737584832,108,2,0,0.0000000000
17737584832,108,2,0,0.0000000000
17737584832,108,2,0,0.0000000000
17737584832,108,2,0,0.0000000000
17737584832,108,2,0,0.0000000000
17737584832,108,2,0,0.0000000000
17737584832,108,2,0,0.0000000000
17737597176,109,2,0,0.0000000000
17737597176,109,2,0,0.0000000000
17737597176,109,2,0,0.0000000000
17737597176,109,2,0,0.0000000000
17737597176,109,2,0,0.0000000000
17737597176,109,2,0,0.0000000000
17737597176,109,2,0,0.0000000000
17737597176,109,2,0,0.0000000000
17737639695,110,2,0,0.0000000000
17737639695,110,2,0,0.0000000000
17737639695,110,2,0,0.0000000000
17737639695,110,2,0,0.0000000000
17737639695,110,2,0,0.0000000000
17737639695,110,2,0,0.0000000000
17737639695,110,2,0,0.0000000000
17737639695,110,2,0,0.0000000000
17737709408,111,2,0,0.0000000000
17737709408,111,2,0,0.0000000000
17737709408,111,2,0,0.0000000000
17737709408,111,2,0,0.0000000000
17737709408,111,2,0,0.0000000000
17737709408,111,2,0,0.0000000000
17737709408,111,2,0,0.0000000000
17737709408,111,2,0,0.0000000000
17737717110,112,2,0,0.0000000000
17737717110,112,2,0,0.0000000000
17737717110,112,2,0,0.0000000000
17737717110,112,2,0,0.0000000000
17737717110,112,2,0,0.0000000000
17737717110,112,2,0,0.0000000000
17737717110,112,2,0,0.0000000000
17737717110,112,2,0,0.0000000000
17737734816,113,2,0,0.0000000000
17737734816,113,2,0,0.0000000000
17737734816,113,2,0,0.0000000000
17737734816,113,2,0,0.0000000000
17737734816,113,2,0,0.0000000000
17737734816,113,2,0,0.0000000000
17737734816,113,2,0,0.0000000000
17737734816,113,2,0,0.0000000000
17737768673,114,2,0,0.0000000000
17737768673,114,2,0,0.0000000000
17737768673,114,2,0,0.0000000000
17737768673,114,2,0,0.0000000000
17737768673,114,2,0,0.0000000000
17737768673,114,2,0,0.0000000000
17737768673,114,2,0,0.0000000000
17737768673,114,2,0,0.0000000000
17737815811,115,2,0,0.0000000000
17737815811,115,2,0,0.0000000000
17737815811,115,2,0,0.0000000000
17737815811,115,2,0,0.0000000000
17737815811,115,2,0,0.0000000000
17737815811,115,2,0,0.0000000000
17737815811,115,2,0,0.0000000000
17737815811,115,2,0,0.0000000000
17737821846,116,2,0,0.0000000000
17737821846,116,2,0,0.0000000000
17737821846,116,2,0,0.0000000000
17737821846,116,2,0,0.0000000000
17737821846,116,2,0,0.0000000000
17737821846,116,2,0,0.0000000000
17737821846,116,2,0,0.0000000000
17737821846,116,2,0,0.0000000000
17737873266,117,2,0,0.0000000000
17737873266,117,2,0,0.0000000000
17737873266,117,2,0,0.0000000000
17737873266,117,2,0,0.0000000000
17737873266,117,2,0,0.0000000000
17737873266,117,2,0,0.0000000000
17737873266,117,2,0,0.0000000000
17737873266,117,2,0,0.0000000000
17737887162,118,2,0,0.0000000000
17737887162,118,2,0,0.0000000000
17737887162,118,2,0,0.0000000000
17737887162,118,2,0,0.0000000000
17737887162,118,2,0,0.0000000000
17737887162,118,2,0,0.0000000000
17737887162,118,2,0,0.0000000000
17737887162,118,2,0,0.0000000000
17737922224,119,2,0,0.0000000000
17737922224,119,2,0,0.0000000000
17737922224,119,2,0,0.0000000000
17737922224,119,2,0,0.0000000000
17737922224,119,2,0,0.0000000000
17737922224,119,2,0,0.0000000000
17737922224,119,2,0,0.0000000000
17737922224,119,2,0,0.0000000000
17737952184,120,2,0,0.0000000000
17737952184,120,2,0,0.0000000000
17737952184,120,2,0,0.0000000000
17737952184,120,2,0,0.0000000000
17737952184,120,2,0,0.0000000000
17737952184,120,2,0,0.0000000000
17737952184,120,2,0,0.0000000000
17737952184,120,2,0,0.0000000000
17737974696,121,2,0,0.0000000000
17737974696,121,2,0,0.0000000000
17737974696,121,2,0,0.0000000000
17737974696,121,2,0,0.0000000000
17737974696,121,2,0,0.0000000000
17737974696,121,2,0,0.0000000000
17737974696,121,2,0,0.0000000000
17737974696,121,2,0,0.0000000000
17738004595,122,2,0,0.0000000000
17738004595,122,2,0,0.0000000000
17738004595,122,2,0,0.0000000000
17738004595,122,2,0,0.0000000000
17738004595,122,2,0,0.0000000000
17738004595,122,2,0,0.0000000000
17738004595,122,2,0,0.0000000000
17738004595,122,2,0,0.0000000000
17738077184,123,2,0,0.0000000000
17738077184,123,2,0,0.0000000000
17738077184,123,2,0,0.0000000000
17738077184,123,2,0,0.0000000000
17738077184,123,2,0,0.0000000000
17738077184,123,2,0,0.0000000000
17738077184,123,2,0,0.0000000000
17738077184,123,2,0,0.0000000000
17738089685,124,2,0,0.0000000000
17738089685,124,2,0,0.0000000000
17738089685,124,2,0,0.0000000000
17738089685,124,2,0,0.0000000000
17738089685,124,2,0,0.0000000000
17738089685,124,2,0,0.0000000000
17738089685,124,2,0,0.0000000000
17738089685,124,2,0,0.0000000000
17738109716,125,2,0,0.0000000000
17738109716,125,2,0,0.0000000000
17738109716,125,2,0,0.0000000000
17738109716,125,2,0,0.0000000000
17738109716,125,2,0,0.0000000000
17738109716,125,2,0,0.0000000000
17738109716,125,2,0,0.0000000000
17738109716,125,2,0,0.0000000000
17738163879,126,2,0,0.0000000000
17738163879,126,2,0,0.0000000000
17738163879,126,2,0,0.0000000000
17738163879,126,2,0,0.0000000000
17738163879,126,2,0,0.0000000000
17738163879,126,2,0,0.0000000000
17738163879,126,2,0,0.0000000000
17738163879,126,2,0,0.0000000000
17738176107,127,2,0,0.0000000000
17738176107,127,2,0,0.0000000000
17738176107,127,2,0,0.0000000000
17738176107,127,2,0,0.0000000000
17738176107,127,2,0,0.0000000000
17738176107,127,2,0,0.0000000000
17738176107,127,2,0,0.0000000000
17738176107,127,2,0,0.0000000000
17738215979,128,2,0,0.0000000000
17738215979,128,2,0,0.0000000000
17738215979,128,2,0,0.0000000000
17738215979,128,2,0,0.0000000000
17738215979,128,2,0,0.0000000000
17738215979,128,2,0,0.0000000000
17738215979,128,2,0,0.0000000000
17738215979,128,2,0,0.0000000000
17738228525,129,2,0,0.0000000000
17738228525,129,2,0,0.0000000000
17738228525,129,2,0,0.0000000000
17738228525,129,2,0,0.0000000000
17738228525,129,2,0,0.0000000000
17738228525,129,2,0,0.0000000000
17738228525,129,2,0,0.0000000000
17738228525,129,2,0,0.0000000000
17738272227,130,2,0,0.0000000000
17738272227,130,2,0,0.0000000000
17738272227,130,2,0,0.0000000000
17738272227,130,2,0,0.0000000000
17738272227,130,2,0,0.0000000000
17738272227,130,2,0,0.0000000000
17738272227,130,2,0,0.0000000000
17738272227,130,2,0,0.0000000000
17738284712,131,2,0,0.0000000000
17738284712,131,2,0,0.0000000000
17738284712,131,2,0,0.0000000000
17738284712,131,2,0,0.0000000000
17738284712,131,2,0,0.0000000000
17738284712,131,2,0,0.0000000000
17738284712,131,2,0,0.0000000000
17738284712,131,2,0,0.0000000000
17738329705,132,2,0,0.0000000000
17738329705,132,2,0,0.0000000000
17738329705,132,2,0,0.0000000000
17738329705,132,2,0,0.0000000000
17738329705,132,2,0,0.0000000000
17738329705,132,2,0,0.0000000000
17738329705,132,2,0,0.0000000000
17738329705,132,2,0,0.0000000000
17738364726,133,2,0,0.0000000000
17738364726,133,2,0,0.0000000000
17738364726,133,2,0,0.0000000000
17738364726,133,2,0,0.0000000000
17738364726,133,2,0,0.0000000000
17738364726,133,2,0,0.0000000000
17738364726,133,2,0,0.0000000000
17738364726,133,2,0,0.0000000000
17738441001,134,2,0,0.0000000000
17738441001,134,2,0,0.0000000000
17738441001,134,2,0,0.0000000000
17738441001,134,2,0,0.0000000000
17738441001,134,2,0,0.0000000000
17738441001,134,2,0,0.0000000000
17738441001,134,2,0,0.0000000000
17738441001,134,2,0,0.0000000000
17738448494,135,2,0,0.0000000000
17738448494,135,2,0,0.0000000000
17738448494,135,2,0,0.0000000000
17738448494,135,2,0,0.0000000000
17738448494,135,2,0,0.0000000000
17738448494,135,2,0,0.0000000000
17738448494,135,2,0,0.0000000000
17738448494,135,2,0,0.0000000000
17738454263,136,2,0,0.0000000000
17738454263,136,2,0,0.0000000000
17738454263,136,2,0,0.0000000000
17738454263,136,2,0,0.0000000000
17738454263,136,2,0,0.0000000000
17738454263,136,2,0,0.0000000000
17738454263,136,2,0,0.0000000000
17738454263,136,2,0,0.0000000000
17738474461,137,2,0,0.0000000000
17738474461,137,2,0,0.0000000000
17738474461,137,2,0,0.0000000000
17738474461,137,2,0,0.0000000000
17738474461,137,2,0,0.0000000000
17738474461,137,2,0,0.0000000000
17738474461,137,2,0,0.0000000000
17738474461,137,2,0,0.0000000000
17738528439,138,2,0,0.0000000000
17738528439,138,2,0,0.0000000000
17738528439,138,2,0,0.0000000000
17738528439,138,2,0,0.0000000000
17738528439,138,2,0,0.0000000000
17738528439,138,2,0,0.0000000000
17738528439,138,2,0,0.0000000000
17738528439,138,2,0,0.0000000000
17738547144,139,2,0,0.0000000000
17738547144,139,2,0,0.0000000000
17738547144,139,2,0,0.0000000000
17738547144,139,2,0,0.0000000000
17738547144,139,2,0,0.0000000000
17738547144,139,2,0,0.0000000000
17738547144,139,2,0,0.0000000000
17738547144,139,2,0,0.0000000000
17738572145,140,2,0,0.0000000000
17738572145,140,2,0,0.0000000000
17738572145,140,2,0,0.0000000000
17738572145,140,2,0,0.0000000000
17738572145,140,2,0,0.0000000000
17738572145,140,2,0,0.0000000000
17738572145,140,2,0,0.0000000000
17738572145,140,2,0,0.0000000000
17738598593,141,2,0,0.0000000000
17738598593,141,2,0,0.0000000000
17738598593,141,2,0,0.0000000000
17738598593,141,2,0,0.0000000000
17738598593,141,2,0,0.0000000000
17738598593,141,2,0,0.0000000000
17738598593,141,2,0,0.0000000000
17738598593,141,2,0,0.0000000000
17738629345,142,2,0,0.0000000000
17738629345,142,2,0,0.0000000000
17738629345,142,2,0,0.0000000000
17738629345,142,2,0,0.0000000000
17738629345,142,2,0,0.0000000000
17738629345,142,2,0,0.0000000000
17738629345,142,2,0,0.0000000000
17738629345,142,2,0,0.0000000000
17738672330,143,2,0,0.0000000000
17738672330,143,2,0,0.0000000000
17738672330,143,2,0,0.0000000000
17738672330,143,2,0,0.0000000000
17738672330,143,2,0,0.0000000000
17738672330,143,2,0,0.0000000000
17738672330,143,2,0,0.0000000000
17738672330,143,2,0,0.0000000000
17738689458,144,2,0,0.0000000000
17738689458,144,2,0,0.0000000000
17738689458,144,2,0,0.0000000000
17738689458,144,2,0,0.0000000000
17738689458,144,2,0,0.0000000000
17738689458,144,2,0,0.0000000000
17738689458,144,2,0,0.0000000000
17738689458,144,2,0,0.0000000000
17738743756,145,2,0,0.0000000000
17738743756,145,2,0,0.0000000000
17738743756,145,2,0,0.0000000000
17738743756,145,2,0,0.0000000000
17738743756,145,2,0,0.0000000000
17738743756,145,2,0,0.0000000000
17738743756,145,2,0,0.0000000000
17738743756,145,2,0,0.0000000000
17738834820,146,2,0,0.0000000000
17738834820,146,2,0,0.0000000000
17738834820,146,2,0,0.0000000000
17738834820,146,2,0,0.0000000000
17738834820,146,2,0,0.0000000000
17738834820,146,2,0,0.0000000000
17738834820,146,2,0,0.0000000000
17738834820,146,2,0,0.0000000000
17738851944,147,2,0,0.0000000000
17738851944,147,2,0,0.0000000000
17738851944,147,2,0,0.0000000000
17738851944,147,2,0,0.0000000000
17738851944,147,2,0,0.0000000000
17738851944,147,2,0,0.0000000000
17738851944,147,2,0,0.0000000000
17738851944,147,2,0,0.0000000000
17738862054,148,2,0,0.0000000000
17738862054,148,2,0,0.0000000000
17738862054,148,2,0,0.0000000000
17738862054,148,2,0,0.0000000000
17738862054,148,2,0,0.0000000000
17738862054,148,2,0,0.0000000000
17738862054,148,2,0,0.0000000000
17738862054,148,2,0,0.0000000000
17738878542,149,2,0,0.0000000000
17738878542,149,2,0,0.0000000000
17738878542,149,2,0,0.0000000000
17738878542,149,2,0,0.0000000000
17738878542,149,2,0,0.0000000000
17738878542,149,2,0,0.0000000000
17738878542,149,2,0,0.0000000000
17738878542,149,2,0,0.0000000000
17738896993,150,2,0,0.0000000000
17738896993,150,2,0,0.0000000000
17738896993,150,2,0,0.0000000000
17738896993,150,2,0,0.0000000000
17738896993,150,2,0,0.0000000000
17738896993,150,2,0,0.0000000000
17738896993,150,2,0,0.0000000000
17738896993,150,2,0,0.0000000000
17738924675,151,2,0,0.0000000000
17738924675,151,2,0,0.0000000000
17738924675,151,2,0,0.0000000000
17738924675,151,2,0,0.0000000000
17738924675,151,2,0,0.0000000000
17738924675,151,2,0,0.0000000000
17738924675,151,2,0,0.0000000000
17738924675,151,2,0,0.0000000000
17738941387,152,2,0,0.0000000000
17738941387,152,2,0,0.0000000000
17738941387,152,2,0,0.0000000000
17738941387,152,2,0,0.0000000000
17738941387,152,2,0,0.0000000000
17738941387,152,2,0,0.0000000000
17738941387,152,2,0,0.0000000000
17738941387,152,2,0,0.0000000000
17738975960,153,2,0,0.0000000000
17738975960,153,2,0,0.0000000000
17738975960,153,2,0,0.0000000000
17738975960,153,2,0,0.0000000000
17738975960,153,2,0,0.0000000000
17738975960,153,2,0,0.0000000000
17738975960,153,2,0,0.0000000000
17738975960,153,2,0,0.0000000000
17739015682,154,2,0,0.0000000000
17739015682,154,2,0,0.0000000000
17739015682,154,2,0,0.0000000000
17739015682,154,2,0,0.0000000000
17739015682,154,2,0,0.0000000000
17739015682,154,2,0,0.0000000000
17739015682,154,2,0,0.0000000000
17739015682,154,2,0,0.0000000000
17739037327,155,2,0,0.0000000000
17739037327,155,2,0,0.0000000000
17739037327,155,2,0,0.0000000000
17739037327,155,2,0,0.0000000000
17739037327,155,2,0,0.0000000000
17739037327,155,2,0,0.0000000000
17739037327,155,2,0,0.0000000000
17739037327,155,2,0,0.0000000000
17739074658,156,2,0,0.0000000000
17739074658,156,2,0,0.0000000000
17739074658,156,2,0,0.0000000000
17739074658,156,2,0,0.0000000000
17739074658,156,2,0,0.0000000000
17739074658,156,2,0,0.0000000000
17739074658,156,2,0,0.0000000000
17739074658,156,2,0,0.0000000000
17739096961,157,2,0,0.0000000000
17739096961,157,2,0,0.0000000000
17739096961,157,2,0,0.0000000000
17739096961,157,2,0,0.0000000000
17739096961,157,2,0,0.0000000000
17739096961,157,2,0,0.0000000000
17739096961,157,2,0,0.0000000000
17739096961,157,2,0,0.0000000000
17739159808,158,2,0,0.0000000000
17739159808,158,2,0,0.0000000000
17739159808,158,2,0,0.0000000000
17739159808,158,2,0,0.0000000000
17739159808,158,2,0,0.0000000000
17739159808,158,2,0,0.0000000000
17739159808,158,2,0,0.0000000000
17739159808,158,2,0,0.0000000000
17739187198,159,2,0,0.0000000000
17739187198,159,2,0,0.0000000000
17739187198,159,2,0,0.0000000000
17739187198,159,2,0,0.0000000000
17739187198,159,2,0,0.0000000000
17739187198,159,2,0,0.0000000000
17739187198,159,2,0,0.0000000000
17739187198,159,2,0,0.0000000000
17739196897,160,2,0,0.0000000000
17739196897,160,2,0,0.0000000000
17739196897,160,2,0,0.0000000000
17739196897,160,2,0,0.0000000000
17739196897,160,2,0,0.0000000000
17739196897,160,2,0,0.0000000000
17739196897,160,2,0,0.0000000000
17739196897,160,2,0,0.0000000000
17739226037,161,2,0,0.0000000000
17739226037,161,2,0,0.0000000000
17739226037,161,2,0,0.0000000000
17739226037,161,2,0,0.0000000000
17739226037,161,2,0,0.0000000000
17739226037,161,2,0,0.0000000000
17739226037,161,2,0,0.0000000000
17739226037,161,2,0,0.0000000000
17739274662,162,2,0,0.0000000000
17739274662,162,2,0,0.0000000000
17739274662,162,2,0,0.0000000000
17739274662,162,2,0,0.0000000000
17739274662,162,2,0,0.0000000000
17739274662,162,2,0,0.0000000000
17739274662,162,2,0,0.0000000000
17739274662,162,2,0,0.0000000000
17739287174,163,2,0,0.0000000000
17739287174,163,2,0,0.0000000000
17739287174,163,2,0,0.0000000000
17739287174,163,2,0,0.0000000000
17739287174,163,2,0,0.0000000000
17739287174,163,2,0,0.0000000000
17739287174,163,2,0,0.0000000000
17739287174,163,2,0,0.0000000000
17739324501,164,2,0,0.0000000000
17739324501,164,2,0,0.0000000000
17739324501,164,2,0,0.0000000000
17739324501,164,2,0,0.0000000000
17739324501,164,2,0,0.0000000000
17739324501,164,2,0,0.0000000000
17739324501,164,2,0,0.0000000000
17739324501,164,2,0,0.0000000000
17739350105,165,2,0,0.0000000000
17739350105,165,2,0,0.0000000000
17739350105,165,2,0,0.0000000000
17739350105,165,2,0,0.0000000000
17739350105,165,2,0,0.0000000000
17739350105,165,2,0,0.0000000000
17739350105,165,2,0,0.0000000000
17739350105,165,2,0,0.0000000000
17739398464,166,2,0,0.0000000000
17739398464,166,2,0,0.0000000000
17739398464,166,2,0,0.0000000000
17739398464,166,2,0,0.0000000000
17739398464,166,2,0,0.0000000000
17739398464,166,2,0,0.0000000000
17739398464,166,2,0,0.0000000000
17739398464,166,2,0,0.0000000000
17739460249,167,2,0,0.0000000000
17739460249,167,2,0,0.0000000000
17739460249,167,2,0,0.0000000000
17739460249,167,2,0,0.0000000000
17739460249,167,2,0,0.0000000000
17739460249,167,2,0,0.0000000000
17739460249,167,2,0,0.0000000000
17739460249,167,2,0,0.0000000000
17739486079,168,2,0,0.0000000000
17739486079,168,2,0,0.0000000000
17739486079,168,2,0,0.0000000000
17739486079,168,2,0,0.0000000000
17739486079,168,2,0,0.0000000000
17739486079,168,2,0,0.0000000000
17739486079,168,2,0,0.0000000000
17739486079,168,2,0,0.0000000000
17739525495,169,2,0,0.0000000000
17739525495,169,2,0,0.0000000000
17739525495,169,2,0,0.0000000000
17739525495,169,2,0,0.0000000000
17739525495,169,2,0,0.0000000000
17739525495,169,2,0,0.0000000000
17739525495,169,2,0,0.0000000000
17739525495,169,2,0,0.0000000000
17739552090,170,2,0,0.0000000000
17739552090,170,2,0,0.0000000000
17739552090,170,2,0,0.0000000000
17739552090,170,2,0,0.0000000000
17739552090,170,2,0,0.0000000000
17739552090,170,2,0,0.0000000000
17739552090,170,2,0,0.0000000000
17739552090,170,2,0,0.0000000000
17739564664,171,2,0,0.0000000000
17739564664,171,2,0,0.0000000000
17739564664,171,2,0,0.0000000000
17739564664,171,2,0,0.0000000000
17739564664,171,2,0,0.0000000000
17739564664,171,2,0,0.0000000000
17739564664,171,2,0,0.0000000000
17739564664,171,2,0,0.0000000000
17739574313,172,2,0,0.0000000000
17739574313,172,2,0,0.0000000000
17739574313,172,2,0,0.0000000000
17739574313,172,2,0,0.0000000000
17739574313,172,2,0,0.0000000000
17739574313,172,2,0,0.0000000000
17739574313,172,2,0,0.0000000000
17739574313,172,2,0,0.0000000000
17739596989,173,2,0,0.0000000000
17739596989,173,2,0,0.0000000000
17739596989,173,2,0,0.0000000000
17739596989,173,2,0,0.0000000000
17739596989,173,2,0,0.0000000000
17739596989,173,2,0,0.0000000000
17739596989,173,2,0,0.0000000000
17739596989,173,2,0,0.0000000000
17739627205,174,2,0,0.0000000000
17739627205,174,2,0,0.0000000000
17739627205,174,2,0,0.0000000000
17739627205,174,2,0,0.0000000000
17739627205,174,2,0,0.0000000000
17739627205,174,2,0,0.0000000000
17739627205,174,2,0,0.0000000000
17739627205,174,2,0,0.0000000000
17739674833,175,2,0,0.0000000000
17739674833,175,2,0,0.0000000000
17739674833,175,2,0,0.0000000000
17739674833,175,2,0,0.0000000000
17739674833,175,2,0,0.0000000000
17739674833,175,2,0,0.0000000000
17739674833,175,2,0,0.0000000000
17739674833,175,2,0,0.0000000000
17739691907,176,2,0,0.0000000000
17739691907,176,2,0,0.0000000000
17739691907,176,2,0,0.0000000000
17739691907,176,2,0,0.0000000000
17739691907,176,2,0,0.0000000000
17739691907,176,2,0,0.0000000000
17739691907,176,2,0,0.0000000000
17739691907,176,2,0,0.0000000000
17739722180,177,2,0,0.0000000000
17739722180,177,2,0,0.0000000000
17739722180,177,2,0,0.0000000000
17739722180,177,2,0,0.0000000000
17739722180,177,2,0,0.0000000000
17739722180,177,2,0,0.0000000000
17739722180,177,2,0,0.0000000000
17739722180,177,2,0,0.0000000000
17739748337,178,2,0,0.0000000000
17739748337,178,2,0,0.0000000000
17739748337,178,2,0,0.0000000000
17739748337,178,2,0,0.0000000000
17739748337,178,2,0,0.0000000000
17739748337,178,2,0,0.0000000000
17739748337,178,2,0,0.0000000000
17739748337,178,2,0,0.0000000000
17739816017,179,2,0,0.0000000000
17739816017,179,2,0,0.0000000000
17739816017,179,2,0,0.0000000000
17739816017,179,2,0,0.0000000000
17739816017,179,2,0,0.0000000000
17739816017,179,2,0,0.0000000000
17739816017,179,2,0,0.0000000000
17739816017,179,2,0,0.0000000000
17739835662,180,2,0,0.0000000000
17739835662,180,2,0,0.0000000000
17739835662,180,2,0,0.0000000000
17739835662,180,2,0,0.0000000000
17739835662,180,2,0,0.0000000000
17739835662,180,2,0,0.0000000000
17739835662,180,2,0,0.0000000000
17739835662,180,2,0,0.0000000000
17739878314,181,2,0,0.0000000000
17739878314,181,2,0,0.0000000000
17739878314,181,2,0,0.0000000000
17739878314,181,2,0,0.0000000000
17739878314,181,2,0,0.0000000000
17739878314,181,2,0,0.0000000000
17739878314,181,2,0,0.0000000000
17739878314,181,2,0,0.0000000000
17739918781,182,2,0,0.0000000000
17739918781,182,2,0,0.0000000000
17739918781,182,2,0,0.0000000000
17739918781,182,2,0,0.0000000000
17739918781,182,2,0,0.0000000000
17739918781,182,2,0,0.0000000000
17739918781,182,2,0,0.0000000000
17739918781,182,2,0,0.0000000000
17739934385,183,2,0,0.0000000000
17739934385,183,2,0,0.0000000000
17739934385,183,2,0,0.0000000000
17739934385,183,2,0,0.0000000000
17739934385,183,2,0,0.0000000000
17739934385,183,2,0,0.0000000000
17739934385,183,2,0,0.0000000000
17739934385,183,2,0,0.0000000000
17739941894,184,2,0,0.0000000000
17739941894,184,2,0,0.0000000000
17739941894,184,2,0,0.0000000000
17739941894,184,2,0,0.0000000000
17739941894,184,2,0,0.0000000000
17739941894,184,2,0,0.0000000000
17739941894,184,2,0,0.0000000000
17739941894,184,2,0,0.0000000000
17739974830,185,2,0,0.0000000000
17739974830,185,2,0,0.0000000000
17739974830,185,2,0,0.0000000000
17739974830,185,2,0,0.0000000000
17739974830,185,2,0,0.0000000000
17739974830,185,2,0,0.0000000000
17739974830,185,2,0,0.0000000000
17739974830,185,2,0,0.0000000000
17740004649,186,2,0,0.0000000000
17740004649,186,2,0,0.0000000000
17740004649,186,2,0,0.0000000000
17740004649,186,2,0,0.0000000000
17740004649,186,2,0,0.0000000000
17740004649,186,2,0,0.0000000000
17740004649,186,2,0,0.0000000000
17740004649,186,2,0,0.0000000000
17740111052,187,2,0,0.0000000000
17740111052,187,2,0,0.0000000000
17740111052,187,2,0,0.0000000000
17740111052,187,2,0,0.0000000000
17740111052,187,2,0,0.0000000000
17740111052,187,2,0,0.0000000000
17740111052,187,2,0,0.0000000000
17740111052,187,2,0,0.0000000000
17740124478,188,2,0,0.0000000000
17740124478,188,2,0,0.0000000000
17740124478,188,2,0,0.0000000000
17740124478,188,2,0,0.0000000000
17740124478,188,2,0,0.0000000000
17740124478,188,2,0,0.0000000000
17740124478,188,2,0,0.0000000000
17740124478,188,2,0,0.0000000000
17740136884,189,2,0,0.0000000000
17740136884,189,2,0,0.0000000000
17740136884,189,2,0,0.0000000000
17740136884,189,2,0,0.0000000000
17740136884,189,2,0,0.0000000000
17740136884,189,2,0,0.0000000000
17740136884,189,2,0,0.0000000000
17740136884,189,2,0,0.0000000000
17740153600,190,2,0,0.0000000000
17740153600,190,2,0,0.0000000000
17740153600,190,2,0,0.0000000000
17740153600,190,2,0,0.0000000000
17740153600,190,2,0,0.0000000000
17740153600,190,2,0,0.0000000000
17740153600,190,2,0,0.0000000000
17740153600,190,2,0,0.0000000000
17740163185,191,2,0,0.0000000000
17740163185,191,2,0,0.0000000000
17740163185,191,2,0,0.0000000000
17740163185,191,2,0,0.0000000000
17740163185,191,2,0,0.0000000000
17740163185,191,2,0,0.0000000000
17740163185,191,2,0,0.0000000000
17740163185,191,2,0,0.0000000000
17740200878,192,2,0,0.0000000000
17740200878,192,2,0,0.0000000000
17740200878,192,2,0,0.0000000000
17740200878,192,2,0,0.0000000000
17740200878,192,2,0,0.0000000000
17740200878,192,2,0,0.0000000000
17740200878,192,2,0,0.0000000000
17740200878,192,2,0,0.0000000000
17740224493,193,2,0,0.0000000000
17740224493,193,2,0,0.0000000000
17740224493,193,2,0,0.0000000000
17740224493,193,2,0,0.0000000000
17740224493,193,2,0,0.0000000000
17740224493,193,2,0,0.0000000000
17740224493,193,2,0,0.0000000000
17740224493,193,2,0,0.0000000000
17740284878,194,2,0,0.0000000000
17740284878,194,2,0,0.0000000000
17740284878,194,2,0,0.0000000000
17740284878,194,2,0,0.0000000000
17740284878,194,2,0,0.0000000000
17740284878,194,2,0,0.0000000000
17740284878,194,2,0,0.0000000000
17740284878,194,2,0,0.0000000000
17740292155,195,2,0,0.0000000000
17740292155,195,2,0,0.0000000000
17740292155,195,2,0,0.0000000000
17740292155,195,2,0,0.0000000000
17740292155,195,2,0,0.0000000000
17740292155,195,2,0,0.0000000000
17740292155,195,2,0,0.0000000000
17740292155,195,2,0,0.0000000000
17740321890,196,2,0,0.0000000000
17740321890,196,2,0,0.0000000000
17740321890,196,2,0,0.0000000000
17740321890,196,2,0,0.0000000000
17740321890,196,2,0,0.0000000000
17740321890,196,2,0,0.0000000000
17740321890,196,2,0,0.0000000000
17740321890,196,2,0,0.0000000000
17740370008,197,2,0,0.0000000000
17740370008,197,2,0,0.0000000000
17740370008,197,2,0,0.0000000000
17740370008,197,2,0,0.0000000000
17740370008,197,2,0,0.0000000000
17740370008,197,2,0,0.0000000000
17740370008,197,2,0,0.0000000000
17740370008,197,2,0,0.0000000000
17740377148,198,2,0,0.0000000000
17740377148,198,2,0,0.0000000000
17740377148,198,2,0,0.0000000000
17740377148,198,2,0,0.0000000000
17740377148,198,2,0,0.0000000000
17740377148,198,2,0,0.0000000000
17740377148,198,2,0,0.0000000000
17740377148,198,2,0,0.0000000000
17740424440,199,2,0,0.0000000000
17740424440,199,2,0,0.0000000000
17740424440,199,2,0,0.0000000000
17740424440,199,2,0,0.0000000000
17740424440,199,2,0,0.0000000000
17740424440,199,2,0,0.0000000000
17740424440,199,2,0,0.0000000000
17740424440,199,2,0,0.0000000000
17740440918,200,2,0,0.0000000000
17740440918,200,2,0,0.0000000000
17740440918,200,2,0,0.0000000000
17740440918,200,2,0,0.0000000000
17740440918,200,2,0,0.0000000000
17740440918,200,2,0,0.0000000000
17740440918,200,2,0,0.0000000000
17740440918,200,2,0,0.0000000000
17740474740,201,2,0,0.0000000000
17740474740,201,2,0,0.0000000000
17740474740,201,2,0,0.0000000000
17740474740,201,2,0,0.0000000000
17740474740,201,2,0,0.0000000000
17740474740,201,2,0,0.0000000000
17740474740,201,2,0,0.0000000000
17740474740,201,2,0,0.0000000000
