timestamp,sequence,battery,flags,IMU_B-ch1,IMU_B-ch2,IMU_B-ch3,IMU_B-ch4,IMU_B-ch5,IMU_B-ch6,IMU_B-ch7,IMU_B-ch8,IMU_B-ch9
16636478979,268,-2,0,0.0000000000,0.0000000000,0.0000000000,0.0000000000,0.0000000000,0.0000000000,0.0000000000,0.0000000000,0.0000000000
16636490162,269,-2,0,8.2615722656,0.7895507813,-4.9382812500,0.0000000000,0.0000000000,0.0000000000,130.1973960521,-60.5987880242,-28.1994360113
16636547741,270,-2,0,8.3477050781,0.8182617188,-5.1105468750,-2.3780487805,0.0304878049,-0.7926829268,130.1973960521,-60.5987880242,-28.1994360113
16636562534,271,-2,0,8.3477050781,0.8182617188,-5.1105468750,-2.3780487805,0.0304878049,-0.7926829268,130.1973960521,-60.5987880242,-28.1994360113
16636582723,272,-2,0,8.3070312500,0.7393066406,-5.0937988281,-1.9817073171,1.3719512195,0.3963414634,130.1973960521,-60.5987880242,-28.1994360113
16636622739,273,-2,0,8.4242675781,0.7584472656,-5.1153320313,-0.9756097561,-0.1219512195,0.3048780488,134.9973000540,-61.7987640247,-23.3995320094
16636662734,274,-2,0,8.4601562500,0.7105957031,-5.1464355469,-0.9756097561,0.6097560976,-0.8841463415,134.9973000540,-61.7987640247,-23.3995320094
16636685213,275,-2,0,8.4170898438,0.8708984375,-5.0937988281,0.1829268293,0.7012195122,-1.5548780488,134.9973000540,-61.7987640247,-23.3995320094
16636757854,276,-2,0,8.3668457031,0.9546386719,-5.0483398438,-0.2439024390,0.5487804878,-1.3414634146,134.9973000540,-61.7987640247,-23.3995320094
16636772463,277,-2,0,8.2831054688,0.8732910156,-5.0363769531,-1.1280487805,0.8231707317,-0.1524390244,131.3973720526,-60.5987880242,-26.9994600108
16636786178,278,-2,0,8.3333496094,0.8182617188,-5.0674804688,-1.0060975610,-1.2804878049,0.7621951220,131.3973720526,-60.5987880242,-26.9994600108
16636801239,279,-2,0,8.3979492188,0.7847656250,-5.1201171875,-0.8536585366,-1.2500000000,0.4268292683,131.3973720526,-60.5987880242,-26.9994600108
16636858787,280,-2,0,8.4625488281,0.8397949219,-5.1895019531,-0.2439024390,-1.4024390244,-0.0304878049,131.3973720526,-60.5987880242,-26.9994600108
16636914813,281,-2,0,8.3716308594,0.8948242188,-5.1201171875,-0.2743902439,0.0304878049,0.1524390244,131.3973720526,-65.3986920262,-23.3995320094
16636928524,282,-2,0,8.3333496094,0.8397949219,-5.1272949219,-0.9756097561,0.4878048780,1.1280487805,131.3973720526,-65.3986920262,-23.3995320094
16636938622,283,-2,0,8.3189941406,0.8134765625,-5.1057617188,-1.1890243902,-0.9146341463,1.4329268293,131.3973720526,-65.3986920262,-23.3995320094
16636962369,284,-2,0,8.3309570313,0.7464843750,-5.1392578125,-1.7073170732,-1.9512195122,0.8841463415,131.3973720526,-65.3986920262,-23.3995320094
16636997567,285,-2,0,8.3285644531,0.8110839844,-5.1512207031,-1.2500000000,-1.5243902439,0.0609756098,137.3972520550,-59.3988120238,-24.5995080098
16637037464,286,-2,0,8.3620605469,0.8230468750,-5.1679687500,-1.4329268293,-2.5000000000,0.0000000000,137.3972520550,-59.3988120238,-24.5995080098
16637057548,287,-2,0,8.3524902344,0.8445800781,-5.1966796875,-1.3109756098,-2.2560975610,0.2439024390,137.3972520550,-59.3988120238,-24.5995080098
16637086151,288,-2,0,8.3429199219,0.8326171875,-5.1727539063,-1.5853658537,-1.2195121951,0.3353658537,137.3972520550,-59.3988120238,-24.5995080098
16637135382,289,-2,0,8.3381347656,0.8374023438,-5.2110351563,-1.4634146341,-1.5243902439,0.4573170732,139.1972160557,-62.3987520250,-27.5994480110
16637143236,290,-2,0,8.3094238281,0.8565429688,-5.1918945313,-1.2500000000,-1.7987804878,0.8536585366,139.1972160557,-62.3987520250,-27.5994480110
16637207853,291,-2,0,8.3285644531,0.7847656250,-5.2541015625,-1.2804878049,-0.8536585366,1.1280487805,139.1972160557,-62.3987520250,-27.5994480110
16637215084,292,-2,0,8.3333496094,0.7656250000,-5.2349609375,-0.6402439024,-0.3658536585,1.1585365854,139.1972160557,-62.3987520250,-27.5994480110
16637279014,293,-2,0,8.3429199219,0.7775878906,-5.2110351563,-0.1219512195,-0.7317073171,0.9451219512,132.5973480530,-58.1988360233,-23.3995320094
16637289804,294,-2,0,8.3189941406,0.7847656250,-5.2086425781,0.0609756098,-0.5792682927,0.7012195122,132.5973480530,-58.1988360233,-23.3995320094
16637321188,295,-2,0,8.3022460938,0.8206542969,-5.2277832031,-0.1524390244,0.0000000000,0.5487804878,132.5973480530,-58.1988360233,-23.3995320094
16637361162,296,-2,0,8.3046386719,0.8086914063,-5.2134277344,-0.7012195122,0.2134146341,0.4573170732,132.5973480530,-58.1988360233,-23.3995320094
16637374911,297,-2,0,8.2807128906,0.7967285156,-5.1895019531,-0.9756097561,-1.0670731707,0.5182926829,140.3971920562,-52.7989440211,-27.5994480110
16637394869,298,-2,0,8.2831054688,0.7943359375,-5.2349609375,-1.4634146341,-1.1585365854,0.4268292683,140.3971920562,-52.7989440211,-27.5994480110
16637457419,299,3,0,8.2998535156,0.7943359375,-5.2349609375,-1.6463414634,-0.5487804878,0.3963414634,140.3971920562,-52.7989440211,-27.5994480110
16637465198,300,3,0,8.3405273438,0.8062988281,-5.2804199219,-1.5853658537,-0.9146341463,0.4573170732,140.3971920562,-52.7989440211,-27.5994480110
16637494864,301,3,0,8.3094238281,0.7967285156,-5.2301757813,-1.3109756098,-1.0060975610,0.5792682927,133.1973360533,-64.7987040259,-25.1994960101
16637522611,302,3,0,8.3022460938,0.8445800781,-5.2206054688,-1.1890243902,-0.8536585366,0.7317073171,133.1973360533,-64.7987040259,-25.1994960101
16637562738,303,3,0,8.2328613281,0.7321289063,-5.1918945313,-1.4634146341,-0.3048780488,0.8536585366,133.1973360533,-64.7987040259,-25.1994960101
16637582535,304,3,0,8.3500976563,0.8326171875,-5.2636718750,-0.6402439024,-0.4878048780,0.9451219512,133.1973360533,-64.7987040259,-25.1994960101
16637659213,305,3,0,8.3548828125,0.7512695313,-5.2588867188,-1.4024390244,0.0000000000,0.2134146341,134.3973120538,-62.3987520250,-25.1994960101
16637674050,306,3,0,8.3309570313,0.8086914063,-5.2469238281,-0.6707317073,-0.1524390244,0.3658536585,134.3973120538,-62.3987520250,-25.1994960101
16637686240,307,3,0,8.2543945313,0.8445800781,-5.2110351563,-0.9451219512,-0.2743902439,0.3658536585,134.3973120538,-62.3987520250,-25.1994960101
16637711451,308,3,0,8.3118164063,0.7799804688,-5.2325683594,-1.7682926829,0.5182926829,0.6097560976,134.3973120538,-62.3987520250,-25.1994960101
16637737460,309,3,0,8.3285644531,0.8110839844,-5.2206054688,-1.4024390244,0.2134146341,0.7012195122,134.3973120538,-62.3987520250,-25.1994960101
16637782751,310,3,0,8.3357421875,0.7704101563,-5.2182128906,-1.5548780488,-0.1524390244,0.5182926829,134.3973120538,-62.3987520250,-25.1994960101
16637824108,311,3,0,8.3381347656,0.8062988281,-5.2182128906,-1.0975609756,-0.2743902439,0.3658536585,134.3973120538,-62.3987520250,-25.1994960101
16637835220,312,3,0,8.3381347656,0.8062988281,-5.2182128906,-1.0975609756,-0.2743902439,0.3658536585,134.3973120538,-62.3987520250,-25.1994960101
16637882767,313,3,0,8.1993652344,0.8086914063,-5.1153320313,-1.0975609756,0.1524390244,0.5182926829,135.5972880542,-64.7987040259,-23.9995200096
16637902679,314,3,0,8.3357421875,0.7775878906,-5.2493164063,-1.2804878049,-0.4573170732,0.7621951220,135.5972880542,-64.7987040259,-23.9995200096
16637938996,315,3,0,8.2543945313,0.8086914063,-5.2014648438,-1.1890243902,-0.5487804878,0.5487804878,135.5972880542,-64.7987040259,-23.9995200096
16637952403,316,3,0,8.3070312500,0.7799804688,-5.2708496094,-1.6768292683,-1.0060975610,0.1219512195,135.5972880542,-64.7987040259,-23.9995200096
16638027570,317,3,0,8.2735351563,0.8637207031,-5.2373535156,-1.4939024390,-0.5182926829,0.2743902439,132.5973480530,-56.9988600228,-25.7994840103
16638064219,318,3,0,8.2854980469,0.8254394531,-5.2469238281,-2.0731707317,-0.5487804878,0.3963414634,132.5973480530,-56.9988600228,-25.7994840103
16638076526,319,3,0,8.2807128906,0.8206542969,-5.2660644531,-2.1646341463,-0.4878048780,0.4573170732,132.5973480530,-56.9988600228,-25.7994840103
16638088680,320,3,0,8.2759277344,0.8158691406,-5.2564941406,-2.0121951220,-0.8841463415,0.4878048780,132.5973480530,-56.9988600228,-25.7994840103
16638112504,321,3,0,8.2902832031,0.8493652344,-5.2732421875,-1.7682926829,-1.5243902439,0.4878048780,134.9973000540,-60.5987880242,-25.7994840103
16638145171,322,3,0,8.2974609375,0.8302246094,-5.2541015625,-1.7682926829,-0.6707317073,0.7317073171,134.9973000540,-60.5987880242,-25.7994840103
16638186531,323,3,0,8.2878906250,0.8397949219,-5.2852050781,-1.7682926829,0.1219512195,0.7317073171,134.9973000540,-60.5987880242,-25.7994840103
16638211525,324,3,0,8.2663574219,0.8086914063,-5.2541015625,-1.6768292683,0.4878048780,0.8841463415,134.9973000540,-60.5987880242,-25.7994840103
16638247446,325,3,0,8.2663574219,0.8302246094,-5.2732421875,-1.5548780488,0.5792682927,0.8231707317,130.1973960521,-60.5987880242,-22.1995560089
16638287768,326,3,0,8.2711425781,0.8086914063,-5.2732421875,-1.4024390244,0.4573170732,0.7012195122,130.1973960521,-60.5987880242,-22.1995560089
16638307444,327,3,0,8.2520019531,0.7967285156,-5.2541015625,-1.1890243902,0.3658536585,0.4573170732,130.1973960521,-60.5987880242,-22.1995560089
16638385102,328,3,0,8.2711425781,0.8110839844,-5.2588867188,-1.0365853659,-0.1219512195,0.2743902439,130.1973960521,-60.5987880242,-22.1995560089
16638400235,329,3,0,8.2520019531,0.8350097656,-5.2828125000,-1.0670731707,-0.7621951220,0.1829268293,133.7973240535,-58.1988360233,-24.5995080098
16638420035,330,3,0,8.2711425781,0.8445800781,-5.2756347656,-1.0365853659,-1.3414634146,0.4878048780,133.7973240535,-58.1988360233,-24.5995080098
16638433799,331,3,0,8.2663574219,0.8469726563,-5.3019531250,-1.1280487805,-1.1890243902,0.6707317073,133.7973240535,-58.1988360233,-24.5995080098
16638482459,332,3,0,8.3070312500,0.8421875000,-5.3234863281,-1.2500000000,-0.2439024390,0.7621951220,133.7973240535,-58.1988360233,-24.5995080098
16638501569,333,3,0,8.1658691406,0.8015136719,-5.2373535156,-1.3719512195,0.7012195122,0.6707317073,133.7973240535,-54.5989080218,-29.3994120118
16638532907,334,3,0,8.2735351563,0.7704101563,-5.3163085938,-0.9756097561,0.0914634146,1.1280487805,133.7973240535,-54.5989080218,-29.3994120118
16638565154,335,3,0,8.2711425781,0.8278320313,-5.2899902344,-0.6097560976,0.1219512195,0.7926829268,133.7973240535,-54.5989080218,-29.3994120118
16638583798,336,3,0,8.3716308594,0.7369140625,-5.3498046875,-1.1890243902,0.6097560976,0.3048780488,133.7973240535,-54.5989080218,-29.3994120118
16638674411,337,3,0,8.2543945313,0.8996093750,-5.2636718750,-0.3658536585,1.8902439024,0.4268292683,137.3972520550,-55.7988840223,-24.5995080098
16638682741,338,3,0,8.2639648438,0.7919433594,-5.2708496094,-1.7682926829,1.7682926829,0.5792682927,137.3972520550,-55.7988840223,-24.5995080098
16638695280,339,3,0,8.2400390625,0.7919433594,-5.2397460938,-1.4634146341,1.6463414634,1.1890243902,137.3972520550,-55.7988840223,-24.5995080098
16638751692,340,3,0,8.2902832031,0.7464843750,-5.2301757813,-1.6158536585,0.9756097561,0.8841463415,137.3972520550,-55.7988840223,-24.5995080098
16638769945,341,3,0,8.3070312500,0.7680175781,-5.2708496094,-1.1280487805,0.1829268293,0.3963414634,135.5972880542,-62.3987520250,-23.9995200096
16638782679,342,3,0,8.3237792969,0.8302246094,-5.2541015625,-0.6707317073,0.0609756098,0.1524390244,135.5972880542,-62.3987520250,-23.9995200096
16638819967,343,3,0,8.2185058594,0.8302246094,-5.1703613281,-0.7621951220,0.1524390244,0.5182926829,135.5972880542,-62.3987520250,-23.9995200096
16638833770,344,3,0,8.2400390625,0.8086914063,-5.2253906250,-1.0365853659,-0.0609756098,1.1585365854,135.5972880542,-62.3987520250,-23.9995200096
16638866201,345,3,0,8.2735351563,0.7632324219,-5.2636718750,-1.4329268293,-0.3963414634,0.8536585366,134.3973120538,-62.3987520250,-20.3995920082
16638911408,346,3,0,8.2878906250,0.7632324219,-5.2517089844,-1.4024390244,-0.4573170732,0.4268292683,134.3973120538,-62.3987520250,-20.3995920082
16638922757,347,3,0,8.3094238281,0.8278320313,-5.2852050781,-1.3109756098,-0.4268292683,0.2134146341,134.3973120538,-62.3987520250,-20.3995920082
16638970009,348,3,0,8.2496093750,0.7871582031,-5.2541015625,-1.5243902439,0.2743902439,0.7317073171,134.3973120538,-62.3987520250,-20.3995920082
16639014848,349,3,0,8.2543945313,0.7799804688,-5.2899902344,-1.5243902439,0.2743902439,0.6707317073,136.1972760545,-58.1988360233,-26.9994600108
16639027624,350,3,0,8.2807128906,0.8158691406,-5.2708496094,-1.5548780488,0.2743902439,0.3048780488,136.1972760545,-58.1988360233,-26.9994600108
16639120310,351,3,0,8.2974609375,0.8374023438,-5.2852050781,-1.6158536585,-0.0304878049,0.2439024390,136.1972760545,-58.1988360233,-26.9994600108
16639132400,352,3,0,8.2687500000,0.8469726563,-5.2899902344,-1.8292682927,-0.1829268293,0.6402439024,136.1972760545,-58.1988360233,-26.9994600108
16639140149,353,3,0,8.2687500000,0.8469726563,-5.2899902344,-1.8292682927,-0.1829268293,0.6402439024,136.1972760545,-58.1988360233,-26.9994600108
16639152266,354,3,0,8.2615722656,0.7775878906,-5.2588867188,-1.9817073171,-0.3048780488,1.0365853659,135.5972880542,-57.5988480230,-25.1994960101
16639187692,355,3,0,8.2735351563,0.7560546875,-5.2660644531,-1.4634146341,-0.4268292683,1.0975609756,135.5972880542,-57.5988480230,-25.1994960101
16639216561,356,3,0,8.2759277344,0.7560546875,-5.2732421875,-0.9756097561,-0.4878048780,0.7012195122,135.5972880542,-57.5988480230,-25.1994960101
16639248346,357,3,0,8.2639648438,0.7943359375,-5.2756347656,-0.6097560976,-0.3353658537,0.3048780488,135.5972880542,-57.5988480230,-25.1994960101
16639323742,358,3,0,8.2543945313,0.8278320313,-5.2804199219,-0.6402439024,-0.7317073171,0.3048780488,134.3973120538,-62.3987520250,-26.3994720106
16639338961,359,3,0,8.2807128906,0.8302246094,-5.2588867188,-0.9756097561,-0.6707317073,0.4878048780,134.3973120538,-62.3987520250,-26.3994720106
16639352781,360,3,0,8.2807128906,0.8110839844,-5.2708496094,-1.3719512195,-0.7621951220,0.6707317073,134.3973120538,-62.3987520250,-26.3994720106
16639369934,361,3,0,8.2711425781,0.7751953125,-5.2947753906,-1.7073170732,-0.6707317073,0.7317073171,134.3973120538,-62.3987520250,-26.3994720106
16639395210,362,3,0,8.2496093750,0.7919433594,-5.2923828125,-1.6158536585,0.1219512195,0.5182926829,137.3972520550,-60.5987880242,-22.1995560089
16639477187,363,3,0,8.2807128906,0.8134765625,-5.2899902344,-1.6768292683,0.3963414634,0.3658536585,137.3972520550,-60.5987880242,-22.1995560089
16639499294,364,3,0,8.2663574219,0.8350097656,-5.2756347656,-1.7073170732,0.6097560976,0.3353658537,137.3972520550,-60.5987880242,-22.1995560089
16639519932,365,3,0,8.3070312500,0.8565429688,-5.3187011719,-1.8292682927,0.5182926829,0.5182926829,137.3972520550,-60.5987880242,-22.1995560089
16639534840,366,3,0,8.1945800781,0.7991210938,-5.1966796875,-1.8902439024,0.6097560976,0.9146341463,132.5973480530,-62.9987400252,-23.3995320094
16639550181,367,3,0,8.2974609375,0.7488769531,-5.2971679688,-1.3719512195,-0.0304878049,1.3109756098,132.5973480530,-62.9987400252,-23.3995320094
16639600267,368,3,0,8.2687500000,0.7799804688,-5.3019531250,-0.8841463415,0.8841463415,0.6707317073,132.5973480530,-62.9987400252,-23.3995320094
16639616158,369,3,0,8.3237792969,0.7919433594,-5.3306640625,-0.9451219512,0.8231707317,-0.0914634146,132.5973480530,-62.9987400252,-23.3995320094
16639666412,370,3,0,8.2424316406,0.9450683594,-5.2158203125,-0.4878048780,0.5487804878,0.0000000000,134.9973000540,-64.1987160257,-28.1994360113
16639683705,371,3,0,8.2735351563,0.8254394531,-5.2301757813,-1.6768292683,0.2743902439,0.8536585366,134.9973000540,-64.1987160257,-28.1994360113
16639712726,372,3,0,8.2543945313,0.7799804688,-5.2564941406,-1.6768292683,0.2743902439,1.5548780488,134.9973000540,-64.1987160257,-28.1994360113
16639766232,373,3,0,8.2831054688,0.7225585938,-5.2541015625,-1.4329268293,0.2439024390,1.2195121951,134.9973000540,-64.1987160257,-28.1994360113
16639776965,374,3,0,8.3189941406,0.7728027344,-5.2158203125,-0.7317073171,0.3658536585,0.3353658537,138.5972280554,-59.3988120238,-23.3995320094
16639857741,375,3,0,8.3142089844,0.8541503906,-5.2349609375,-0.3963414634,0.1829268293,0.1219512195,138.5972280554,-59.3988120238,-23.3995320094
16639870252,376,3,0,8.1850097656,0.8589355469,-5.1607910156,-0.7926829268,-0.1524390244,0.6402439024,138.5972280554,-59.3988120238,-23.3995320094
16639877634,377,3,0,8.2113281250,0.8015136719,-5.2086425781,-1.4634146341,-1.2195121951,1.1585365854,138.5972280554,-59.3988120238,-23.3995320094
16639933605,378,3,0,8.2926757813,0.7608398438,-5.2684570313,-1.8902439024,-1.7073170732,0.9146341463,135.5972880542,-62.3987520250,-23.9995200096
16639946150,379,3,0,8.2807128906,0.7823730469,-5.2828125000,-1.6768292683,-1.7682926829,0.4268292683,135.5972880542,-62.3987520250,-23.9995200096
16639962701,380,3,0,8.3118164063,0.8206542969,-5.3163085938,-1.5548780488,-1.5548780488,0.3353658537,135.5972880542,-62.3987520250,-23.9995200096
16639988991,381,3,0,8.2807128906,0.7919433594,-5.2780273438,-1.5243902439,-0.6707317073,0.7317073171,135.5972880542,-62.3987520250,-23.9995200096
16640021263,382,3,0,8.2424316406,0.7823730469,-5.2541015625,-1.4939024390,-0.5487804878,0.7621951220,137.3972520550,-60.5987880242,-29.3994120118
16640083957,383,3,0,8.2543945313,0.8110839844,-5.2971679688,-1.5548780488,-0.0914634146,0.3353658537,137.3972520550,-60.5987880242,-29.3994120118
16640090160,384,3,0,8.2878906250,0.8493652344,-5.2828125000,-1.6158536585,0.2439024390,0.2743902439,137.3972520550,-60.5987880242,-29.3994120118
16640133697,385,3,0,8.2807128906,0.8397949219,-5.2971679688,-1.8292682927,0.3048780488,0.7012195122,137.3972520550,-60.5987880242,-29.3994120118
16640152399,386,3,0,8.2639648438,0.7823730469,-5.2756347656,-1.7987804878,0.0000000000,1.1280487805,133.1973360533,-52.7989440211,-26.3994720106
16640214023,387,3,0,8.2639648438,0.7393066406,-5.2875976563,-1.3109756098,-0.2439024390,1.0060975610,133.1973360533,-52.7989440211,-26.3994720106
16640232828,388,3,0,8.2400390625,0.7895507813,-5.2660644531,-0.6707317073,-0.5487804878,0.4878048780,133.1973360533,-52.7989440211,-26.3994720106
16640240122,389,3,0,8.2687500000,0.8158691406,-5.2852050781,-0.5487804878,-0.6707317073,0.2743902439,133.1973360533,-52.7989440211,-26.3994720106
16640275259,390,3,0,8.2926757813,0.8374023438,-5.2732421875,-0.7621951220,-0.4573170732,0.3963414634,133.1973360533,-56.3988720226,-26.3994720106
16640313947,391,3,0,8.2687500000,0.8230468750,-5.3019531250,-1.0670731707,-0.3658536585,0.7317073171,133.1973360533,-56.3988720226,-26.3994720106
16640334910,392,3,0,8.2735351563,0.7943359375,-5.3139160156,-1.4329268293,0.3048780488,0.7621951220,133.1973360533,-56.3988720226,-26.3994720106
16640372754,393,3,0,8.2615722656,0.8158691406,-5.2684570313,-1.7073170732,0.9451219512,0.7012195122,133.1973360533,-56.3988720226,-26.3994720106
16640413132,394,3,0,8.2615722656,0.7967285156,-5.2564941406,-1.6463414634,0.8536585366,0.7012195122,136.1972760545,-58.1988360233,-25.7994840103
16640433657,395,3,0,8.2615722656,0.7967285156,-5.2564941406,-1.6463414634,0.8536585366,0.7012195122,136.1972760545,-58.1988360233,-25.7994840103
16640470256,396,3,0,8.2591796875,0.7728027344,-5.2756347656,-1.6463414634,0.7317073171,0.7012195122,136.1972760545,-58.1988360233,-25.7994840103
16640509197,397,3,0,8.2807128906,0.7847656250,-5.2660644531,-1.4939024390,0.1524390244,0.6707317073,136.1972760545,-58.1988360233,-25.7994840103
16640565242,398,3,0,8.2902832031,0.8278320313,-5.2828125000,-1.3719512195,-0.3963414634,0.5182926829,133.1973360533,-65.9986800264,-27.5994480110
16640622722,399,3,0,8.3070312500,0.8302246094,-5.2923828125,-1.4329268293,-0.3658536585,0.4878048780,133.1973360533,-65.9986800264,-27.5994480110
16640645186,400,3,0,8.1802246094,0.8110839844,-5.2062500000,-1.6463414634,0.4878048780,0.6402439024,133.1973360533,-65.9986800264,-27.5994480110
16640660225,401,3,0,8.2974609375,0.7201660156,-5.3139160156,-1.6768292683,0.3658536585,0.9756097561,133.1973360533,-65.9986800264,-27.5994480110
16640666443,402,3,0,8.2735351563,0.8182617188,-5.2660644531,-0.7317073171,0.6707317073,0.6097560976,131.9973600528,-57.5988480230,-25.1994960101
16640677636,403,3,0,8.3477050781,0.7393066406,-5.3258789063,-1.4939024390,0.6707317073,-0.3658536585,131.9973600528,-57.5988480230,-25.1994960101
16640712741,404,3,0,8.2352539063,0.9307128906,-5.2158203125,-0.5487804878,1.4634146341,-0.2439024390,131.9973600528,-57.5988480230,-25.1994960101
16640737745,405,3,0,8.2807128906,0.8493652344,-5.2469238281,-2.0121951220,0.7926829268,0.4573170732,131.9973600528,-57.5988480230,-25.1994960101
16640769979,406,3,0,8.2567871094,0.7919433594,-5.2373535156,-2.0731707317,-0.0914634146,1.2500000000,130.7973840523,-58.7988240235,-27.5994480110
16640825212,407,3,0,8.2974609375,0.7393066406,-5.2325683594,-2.0121951220,0.1524390244,1.0060975610,130.7973840523,-58.7988240235,-27.5994480110
16640836555,408,3,0,8.2950683594,0.7775878906,-5.2397460938,-1.4939024390,0.7012195122,0.2743902439,130.7973840523,-58.7988240235,-27.5994480110
16640886798,409,3,0,8.2950683594,0.8230468750,-5.2253906250,-0.9756097561,0.3353658537,-0.0914634146,130.7973840523,-58.7988240235,-27.5994480110
16640903891,410,3,0,8.1945800781,0.8541503906,-5.1607910156,-1.0670731707,-0.2134146341,0.1829268293,132.5973480530,-59.3988120238,-28.1994360113
16640972473,411,3,0,8.2687500000,0.8254394531,-5.2517089844,-1.4024390244,-1.2500000000,0.7317073171,132.5973480530,-59.3988120238,-28.1994360113
16640984936,412,3,0,8.2615722656,0.8182617188,-5.2588867188,-1.7682926829,-0.7012195122,0.4573170732,132.5973480530,-59.3988120238,-28.1994360113
16640995178,413,3,0,8.2759277344,0.7991210938,-5.2995605469,-1.8902439024,-0.7317073171,0.2439024390,132.5973480530,-59.3988120238,-28.1994360113
16641015143,414,3,0,8.2759277344,0.8374023438,-5.3019531250,-1.6768292683,-1.1280487805,0.0914634146,135.5972880542,-58.7988240235,-23.9995200096
16641072758,415,3,0,8.2472167969,0.8445800781,-5.2612792969,-1.7987804878,-1.2195121951,0.3048780488,135.5972880542,-58.7988240235,-23.9995200096
16641086496,416,3,0,8.2376464844,0.8421875000,-5.3019531250,-1.8902439024,-1.0365853659,0.2743902439,135.5972880542,-58.7988240235,-23.9995200096
16641112761,417,3,0,8.2831054688,0.8589355469,-5.3187011719,-2.1036585366,0.0000000000,0.2439024390,135.5972880542,-58.7988240235,-23.9995200096
16641147742,418,3,0,8.2735351563,0.8613281250,-5.3091308594,-2.1646341463,0.4268292683,0.3353658537,133.7973240535,-59.3988120238,-28.1994360113
16641210241,419,3,0,8.2352539063,0.8517578125,-5.2947753906,-1.9817073171,-0.0304878049,0.6707317073,133.7973240535,-59.3988120238,-28.1994360113
16641214497,420,3,0,8.2256835938,0.8158691406,-5.2780273438,-1.6463414634,-0.6402439024,0.7621951220,133.7973240535,-59.3988120238,-28.1994360113
16641263933,421,3,0,8.2567871094,0.7967285156,-5.2804199219,-1.2804878049,-0.3963414634,0.6097560976,133.7973240535,-59.3988120238,-28.1994360113
16641324031,422,3,0,8.2735351563,0.8469726563,-5.2971679688,-1.0060975610,0.4573170732,0.3353658537,128.9974200516,-58.1988360233,-28.1994360113
16641336254,423,3,0,8.2496093750,0.8613281250,-5.2684570313,-0.9451219512,0.3353658537,0.3048780488,128.9974200516,-58.1988360233,-28.1994360113
16641349948,424,3,0,8.2615722656,0.8565429688,-5.2708496094,-0.8841463415,-0.5792682927,0.4878048780,128.9974200516,-58.1988360233,-28.1994360113
16641369927,425,3,0,8.2280761719,0.8661132813,-5.2732421875,-1.0670731707,-0.9756097561,0.5182926829,128.9974200516,-58.1988360233,-28.1994360113
16641400134,426,3,0,8.2520019531,0.8493652344,-5.2756347656,-1.3414634146,-1.2195121951,0.4573170732,136.1972760545,-59.3988120238,-22.1995560089
16641437743,427,3,0,8.2567871094,0.8517578125,-5.2971679688,-1.4329268293,-0.4573170732,0.4268292683,136.1972760545,-59.3988120238,-22.1995560089
16641462793,428,3,0,8.2543945313,0.8469726563,-5.3187011719,-1.6463414634,-0.1524390244,0.5487804878,136.1972760545,-59.3988120238,-22.1995560089
16641500133,429,3,0,8.2639648438,0.8421875000,-5.3115234375,-1.5243902439,-0.9146341463,0.6097560976,136.1972760545,-59.3988120238,-22.1995560089
16641538783,430,3,0,8.2448242188,0.8350097656,-5.2684570313,-1.4634146341,-0.7012195122,0.5182926829,134.9973000540,-59.3988120238,-25.7994840103
16641549958,431,3,0,8.2591796875,0.8732910156,-5.2971679688,-1.6158536585,0.1219512195,0.5792682927,134.9973000540,-59.3988120238,-25.7994840103
16641595385,432,3,0,8.1395507813,0.8158691406,-5.2253906250,-2.0426829268,0.6707317073,0.6402439024,134.9973000540,-59.3988120238,-25.7994840103
16641633824,433,3,0,8.2902832031,0.8158691406,-5.3569824219,-1.4634146341,-0.2134146341,0.8841463415,134.9973000540,-59.3988120238,-25.7994840103
16641697931,434,3,0,8.3189941406,0.8469726563,-5.3282714844,-1.2195121951,-0.5182926829,0.2134146341,132.5973480530,-64.1987160257,-25.7994840103
16641714233,435,3,0,8.2711425781,0.8302246094,-5.2923828125,-1.2500000000,-0.1524390244,0.2743902439,132.5973480530,-64.1987160257,-25.7994840103
16641728882,436,3,0,8.2711425781,0.8302246094,-5.2923828125,-1.2500000000,-0.1524390244,0.2743902439,132.5973480530,-64.1987160257,-25.7994840103
16641740061,437,3,0,8.1826171875,0.9211425781,-5.2229980469,-0.9451219512,0.4268292683,0.2439024390,132.5973480530,-64.1987160257,-25.7994840103
16641771540,438,3,0,8.2161132813,0.8589355469,-5.2923828125,-1.9817073171,0.3658536585,0.5182926829,130.1973960521,-59.3988120238,-22.1995560089
16641845279,439,3,0,8.2520019531,0.8756835938,-5.2971679688,-1.6463414634,0.1829268293,0.6707317073,130.1973960521,-59.3988120238,-22.1995560089
16641857455,440,3,0,8.2926757813,0.8493652344,-5.3091308594,-1.7073170732,-0.0914634146,0.6402439024,130.1973960521,-59.3988120238,-22.1995560089
16641865163,441,3,0,8.2926757813,0.8565429688,-5.3139160156,-1.2500000000,-0.4573170732,0.6402439024,130.1973960521,-59.3988120238,-22.1995560089
16641901190,442,3,0,8.2208984375,0.8900390625,-5.2923828125,-1.0670731707,0.2743902439,0.7926829268,132.5973480530,-61.7987640247,-24.5995080098
16641940136,443,3,0,8.2448242188,0.8589355469,-5.2875976563,-1.2804878049,0.2439024390,1.0060975610,132.5973480530,-61.7987640247,-24.5995080098
16641957823,444,3,0,8.1730468750,0.9139648438,-5.2062500000,-1.1280487805,0.4878048780,0.9146341463,132.5973480530,-61.7987640247,-24.5995080098
16641990127,445,3,0,8.2639648438,0.8254394531,-5.3234863281,-2.0121951220,-0.6402439024,0.6402439024,132.5973480530,-61.7987640247,-24.5995080098
16642061685,446,3,0,8.2520019531,0.9043945313,-5.2899902344,-1.4024390244,-1.4329268293,0.7317073171,133.7973240535,-55.7988840223,-30.5993880122
16642071475,447,3,0,8.2448242188,0.8565429688,-5.2923828125,-1.9817073171,-1.1890243902,0.8536585366,133.7973240535,-55.7988840223,-30.5993880122
16642096699,448,3,0,8.2376464844,0.8374023438,-5.2947753906,-1.7378048780,-0.1219512195,0.8231707317,133.7973240535,-55.7988840223,-30.5993880122
16642116474,449,3,0,8.2376464844,0.8517578125,-5.3258789063,-1.5548780488,-0.4268292683,0.4573170732,133.7973240535,-55.7988840223,-30.5993880122
16642147769,450,3,0,8.2376464844,0.9067871094,-5.2875976563,-1.2804878049,-1.0060975610,0.3353658537,131.3973720526,-61.7987640247,-28.1994360113
16642187514,451,3,0,8.2448242188,0.9115722656,-5.3043457031,-1.4024390244,-0.2134146341,0.6402439024,131.3973720526,-61.7987640247,-28.1994360113
16642222721,452,3,0,8.2472167969,0.8876464844,-5.3187011719,-1.7073170732,-0.1524390244,1.0365853659,131.3973720526,-61.7987640247,-28.1994360113
16642236247,453,3,0,8.2280761719,0.8350097656,-5.2875976563,-1.4024390244,-0.2743902439,1.3109756098,131.3973720526,-61.7987640247,-28.1994360113
16642271571,454,3,0,8.2280761719,0.8182617188,-5.3067382813,-0.9451219512,0.5792682927,1.0670731707,131.3973720526,-61.7987640247,-28.1994360113
16642335187,455,3,0,8.2232910156,0.8230468750,-5.2852050781,-0.5182926829,0.1524390244,0.8841463415,136.7972640547,-62.3987520250,-22.7995440091
16642350047,456,3,0,8.2304687500,0.8326171875,-5.2804199219,-0.1524390244,-0.5792682927,0.7317073171,136.7972640547,-62.3987520250,-22.7995440091
16642365131,457,3,0,8.2376464844,0.8374023438,-5.3139160156,-0.3048780488,0.0914634146,0.6402439024,136.7972640547,-62.3987520250,-22.7995440091
16642428985,458,3,0,8.2232910156,0.8589355469,-5.3210937500,-0.5487804878,0.1219512195,0.6402439024,136.7972640547,-62.3987520250,-22.7995440091
16642448391,459,3,0,8.2089355469,0.8374023438,-5.2971679688,-0.7317073171,-0.8231707317,0.8231707317,132.5973480530,-55.7988840223,-24.5995080098
16642521574,460,3,0,8.2017578125,0.8182617188,-5.3306640625,-1.0365853659,-0.3353658537,0.8231707317,132.5973480530,-55.7988840223,-24.5995080098
16642536511,461,3,0,8.2424316406,0.8086914063,-5.3402343750,-1.0670731707,-0.2134146341,0.6402439024,132.5973480530,-55.7988840223,-24.5995080098
16642545011,462,3,0,8.2424316406,0.8421875000,-5.3545898438,-0.9756097561,-0.5182926829,0.6707317073,132.5973480530,-55.7988840223,-24.5995080098
16642550299,463,3,0,8.2591796875,0.8828613281,-5.3569824219,-1.0060975610,-0.7317073171,0.7012195122,135.5972880542,-59.9988000240,-26.3994720106
16642600003,464,3,0,8.1562988281,0.8326171875,-5.3019531250,-1.4939024390,0.1219512195,0.8841463415,135.5972880542,-59.9988000240,-26.3994720106
16642612769,465,3,0,8.2424316406,0.7895507813,-5.3450195313,-1.1585365854,0.2134146341,1.6158536585,135.5972880542,-59.9988000240,-26.3994720106
16642657473,466,3,0,8.2472167969,0.7799804688,-5.3450195313,-1.0060975610,-0.1829268293,1.0975609756,135.5972880542,-59.9988000240,-26.3994720106
16642687788,467,3,0,8.3357421875,0.7656250000,-5.3856933594,-1.1585365854,0.8536585366,0.4268292683,138.5972280554,-56.9988600228,-25.7994840103
16642715146,468,3,0,8.2352539063,0.9187500000,-5.2756347656,-0.4573170732,1.3109756098,0.3353658537,138.5972280554,-56.9988600228,-25.7994840103
16642739142,469,3,0,8.2256835938,0.7895507813,-5.2684570313,-1.6463414634,1.4329268293,0.9451219512,138.5972280554,-56.9988600228,-25.7994840103
16642802366,470,3,0,8.2041503906,0.8110839844,-5.2660644531,-1.2804878049,1.6463414634,1.4329268293,138.5972280554,-56.9988600228,-25.7994840103
16642824288,471,3,0,8.2520019531,0.7464843750,-5.2636718750,-1.2500000000,0.0914634146,1.1890243902,133.1973360533,-59.9988000240,-25.1994960101
16642836278,472,3,0,8.2520019531,0.7704101563,-5.2756347656,-0.7926829268,0.5182926829,0.3963414634,133.1973360533,-59.9988000240,-25.1994960101
16642866135,473,3,0,8.2831054688,0.8254394531,-5.2708496094,-0.5792682927,0.9146341463,0.0914634146,133.1973360533,-59.9988000240,-25.1994960101
16642914278,474,3,0,8.2185058594,0.8517578125,-5.2469238281,-0.7926829268,0.1524390244,0.5182926829,133.1973360533,-59.9988000240,-25.1994960101
16642932809,475,3,0,8.1921875000,0.8206542969,-5.2325683594,-1.0975609756,-0.5182926829,1.1890243902,135.5972880542,-59.9988000240,-29.9994000120
16642965159,476,3,0,8.2735351563,0.7823730469,-5.2995605469,-1.7378048780,-0.7621951220,0.7621951220,135.5972880542,-59.9988000240,-29.9994000120
16642990152,477,3,0,8.2735351563,0.7823730469,-5.2995605469,-1.7378048780,-0.7621951220,0.7621951220,135.5972880542,-59.9988000240,-29.9994000120
16643021385,478,3,0,8.2520019531,0.8039062500,-5.3139160156,-1.6158536585,-1.4024390244,0.5487804878,135.5972880542,-59.9988000240,-29.9994000120
16643072750,479,3,0,8.2831054688,0.8374023438,-5.3354492188,-1.7682926829,-0.4268292683,0.2439024390,138.5972280554,-59.3988120238,-24.5995080098
16643087250,480,3,0,8.2328613281,0.8039062500,-5.2995605469,-1.7682926829,-0.5487804878,0.8231707317,138.5972280554,-59.3988120238,-24.5995080098
16643175259,481,3,0,8.2304687500,0.7991210938,-5.3426269531,-1.7378048780,-0.3048780488,0.7621951220,138.5972280554,-59.3988120238,-24.5995080098
16643190156,482,3,0,8.2232910156,0.8062988281,-5.3330566406,-1.7682926829,0.2134146341,0.4573170732,138.5972280554,-59.3988120238,-24.5995080098
16643212485,483,3,0,8.2472167969,0.8661132813,-5.3091308594,-1.5853658537,-0.3048780488,0.3963414634,136.7972640547,-61.1987760245,-25.1994960101
16643226663,484,3,0,8.2400390625,0.8326171875,-5.3210937500,-1.9207317073,0.6402439024,0.7621951220,136.7972640547,-61.1987760245,-25.1994960101
16643239167,485,3,0,8.2496093750,0.7871582031,-5.2995605469,-1.8597560976,0.4878048780,1.0975609756,136.7972640547,-61.1987760245,-25.1994960101
16643274137,486,3,0,8.2280761719,0.7632324219,-5.3067382813,-1.2195121951,-0.0914634146,1.0975609756,136.7972640547,-61.1987760245,-25.1994960101
16643326562,487,3,0,8.2304687500,0.7823730469,-5.3019531250,-0.7317073171,-0.0304878049,0.5487804878,137.3972520550,-60.5987880242,-28.1994360113
16643340144,488,3,0,8.2280761719,0.8134765625,-5.3067382813,-0.4878048780,-0.0914634146,0.2439024390,137.3972520550,-60.5987880242,-28.1994360113
16643363143,489,3,0,8.2424316406,0.8517578125,-5.3163085938,-0.6097560976,-0.5182926829,0.2134146341,137.3972520550,-60.5987880242,-28.1994360113
16643409073,490,3,0,8.2328613281,0.8517578125,-5.3139160156,-1.2195121951,0.3353658537,0.5487804878,137.3972520550,-60.5987880242,-28.1994360113
16643427614,491,3,0,8.2280761719,0.8182617188,-5.3163085938,-1.6768292683,-0.3658536585,0.7926829268,131.9973600528,-61.1987760245,-25.1994960101
16643462769,492,3,0,8.2496093750,0.7943359375,-5.3163085938,-1.9207317073,0.0609756098,0.8231707317,131.9973600528,-61.1987760245,-25.1994960101
16643525353,493,3,0,8.2376464844,0.8039062500,-5.3234863281,-1.7378048780,-0.4268292683,0.6402439024,131.9973600528,-61.1987760245,-25.1994960101
16643537421,494,3,0,8.2448242188,0.8230468750,-5.3258789063,-1.6768292683,0.5487804878,0.4573170732,131.9973600528,-61.1987760245,-25.1994960101
16643548731,495,3,0,8.2496093750,0.8469726563,-5.3043457031,-1.6463414634,0.1219512195,0.4573170732,135.5972880542,-59.9988000240,-26.3994720106
16643597790,496,3,0,8.2615722656,0.8565429688,-5.3187011719,-1.7987804878,0.1829268293,0.5487804878,135.5972880542,-59.9988000240,-26.3994720106
16643624041,497,3,0,8.1658691406,0.8086914063,-5.2517089844,-2.0731707317,0.9451219512,0.7621951220,135.5972880542,-59.9988000240,-26.3994720106
16643661454,498,3,0,8.2520019531,0.7632324219,-5.3258789063,-1.4939024390,-0.3658536585,1.2195121951,135.5972880542,-59.9988000240,-26.3994720106
16643683823,499,3,0,8.2663574219,0.7967285156,-5.3282714844,-0.9756097561,-0.2134146341,0.5182926829,131.3973720526,-55.7988840223,-29.3994120118
16643715144,500,3,0,8.3118164063,0.8086914063,-5.3402343750,-1.1890243902,0.4268292683,-0.2439024390,131.3973720526,-55.7988840223,-29.3994120118
16643764013,501,3,0,8.2280761719,0.9642089844,-5.2660644531,-0.7012195122,0.5487804878,0.0000000000,131.3973720526,-55.7988840223,-29.3994120118
16643773985,502,3,0,8.2208984375,0.8350097656,-5.2684570313,-2.0731707317,0.9756097561,0.9146341463,131.3973720526,-55.7988840223,-29.3994120118
16643822826,503,3,0,8.2472167969,0.7751953125,-5.2588867188,-1.7378048780,0.1219512195,1.5853658537,132.5973480530,-61.7987640247,-25.7994840103
16643840143,504,3,0,8.2711425781,0.7393066406,-5.2923828125,-1.5548780488,0.7926829268,0.9451219512,132.5973480530,-61.7987640247,-25.7994840103
16643907763,505,3,0,8.2783203125,0.8086914063,-5.2852050781,-0.8231707317,0.1219512195,0.0609756098,132.5973480530,-61.7987640247,-25.7994840103
16643914811,506,3,0,8.2735351563,0.8756835938,-5.2612792969,-0.7317073171,0.5792682927,-0.0914634146,132.5973480530,-61.7987640247,-25.7994840103
16643957876,507,3,0,8.1754394531,0.8756835938,-5.2158203125,-1.2804878049,-0.0304878049,0.5792682927,133.1973360533,-57.5988480230,-26.3994720106
16643964031,508,3,0,8.1969726563,0.8134765625,-5.2756347656,-1.8292682927,-0.2134146341,1.1890243902,133.1973360533,-57.5988480230,-26.3994720106
16643995137,509,3,0,8.2543945313,0.7656250000,-5.3139160156,-2.1646341463,-1.2500000000,0.7012195122,133.1973360533,-57.5988480230,-26.3994720106
16644021661,510,3,0,8.2352539063,0.8302246094,-5.3258789063,-1.7682926829,-1.1890243902,0.0914634146,133.1973360533,-57.5988480230,-26.3994720106
16644071615,511,3,0,8.2926757813,0.8541503906,-5.3282714844,-1.6463414634,-0.9756097561,0.0609756098,131.9973600528,-59.9988000240,-23.9995200096
16644115345,512,3,0,8.2352539063,0.8469726563,-5.3210937500,-1.4634146341,-0.5182926829,0.6402439024,131.9973600528,-59.9988000240,-23.9995200096
16644128686,513,3,0,8.2280761719,0.8302246094,-5.3258789063,-1.6463414634,0.0304878049,0.7926829268,131.9973600528,-59.9988000240,-23.9995200096
16644146230,514,3,0,8.2424316406,0.8374023438,-5.3163085938,-1.4939024390,-0.4268292683,0.4268292683,131.9973600528,-59.9988000240,-23.9995200096
16644195409,515,3,0,8.2520019531,0.8948242188,-5.3091308594,-1.6158536585,0.2439024390,0.2743902439,135.5972880542,-57.5988480230,-25.1994960101
16644207515,516,3,0,8.2639648438,0.8852539063,-5.3091308594,-1.8292682927,-0.0914634146,0.8536585366,135.5972880542,-57.5988480230,-25.1994960101
16644270265,517,3,0,8.2567871094,0.7895507813,-5.2971679688,-1.9817073171,0.4268292683,1.2804878049,135.5972880542,-57.5988480230,-25.1994960101
16644286527,518,3,0,8.2304687500,0.7991210938,-5.2899902344,-1.4024390244,-0.0304878049,1.0670731707,135.5972880542,-57.5988480230,-25.1994960101
16644310375,519,3,0,8.2304687500,0.7991210938,-5.2899902344,-1.4024390244,-0.0304878049,1.0670731707,135.5972880542,-55.1988960221,-28.7994240115
16644339344,520,3,0,8.2137207031,0.7895507813,-5.2660644531,-0.9146341463,0.4878048780,0.5182926829,135.5972880542,-55.1988960221,-28.7994240115
16644402404,521,3,0,8.2328613281,0.8397949219,-5.2899902344,-0.4878048780,-0.7317073171,0.2439024390,135.5972880542,-55.1988960221,-28.7994240115
16644432794,522,3,0,8.2352539063,0.8708984375,-5.2947753906,-0.7317073171,-0.2743902439,0.3353658537,135.5972880542,-55.1988960221,-28.7994240115
16644446480,523,3,0,8.2304687500,0.8469726563,-5.3402343750,-1.0365853659,-1.0365853659,0.4878048780,133.7973240535,-59.3988120238,-25.7994840103
16644471618,524,3,0,8.2543945313,0.8326171875,-5.3234863281,-1.3719512195,-0.1829268293,0.5792682927,133.7973240535,-59.3988120238,-25.7994840103
16644486214,525,3,0,8.2520019531,0.8421875000,-5.2947753906,-1.4939024390,-0.7926829268,0.6402439024,133.7973240535,-59.3988120238,-25.7994840103
16644514883,526,3,0,8.2472167969,0.8517578125,-5.3234863281,-1.7378048780,0.3048780488,0.6707317073,133.7973240535,-59.3988120238,-25.7994840103
16644557423,527,3,0,8.2185058594,0.8350097656,-5.3187011719,-1.6463414634,-0.1829268293,0.7012195122,134.3973120538,-58.7988240235,-25.1994960101
16644626266,528,3,0,8.2137207031,0.8182617188,-5.2756347656,-1.6463414634,0.3048780488,0.6707317073,134.3973120538,-58.7988240235,-25.1994960101
16644645176,529,3,0,8.2591796875,0.8374023438,-5.3306640625,-1.4634146341,-0.2134146341,0.6707317073,134.3973120538,-58.7988240235,-25.1994960101
16644652403,530,3,0,8.2639648438,0.8326171875,-5.3258789063,-1.4939024390,0.4268292683,0.5792682927,134.3973120538,-58.7988240235,-25.1994960101
16644690065,531,3,0,8.2113281250,0.8421875000,-5.3043457031,-1.5243902439,0.1524390244,0.4878048780,134.3973120538,-55.1988960221,-25.1994960101
16644710253,532,3,0,8.1850097656,0.7823730469,-5.3067382813,-1.6158536585,0.4573170732,0.7012195122,134.3973120538,-55.1988960221,-25.1994960101
16644745226,533,3,0,8.2472167969,0.8589355469,-5.3258789063,-0.7317073171,-0.7621951220,0.6707317073,134.3973120538,-55.1988960221,-25.1994960101
16644770245,534,3,0,8.3189941406,0.7584472656,-5.3689453125,-1.6463414634,0.0304878049,-0.2439024390,134.3973120538,-55.1988960221,-25.1994960101
16644815078,535,3,0,8.2663574219,0.9115722656,-5.3402343750,-0.6402439024,0.5792682927,0.0000000000,139.7972040559,-55.7988840223,-26.9994600108
16644861616,536,3,0,8.2304687500,0.8996093750,-5.2612792969,-1.6463414634,0.7926829268,0.1524390244,139.7972040559,-55.7988840223,-26.9994600108
16644875267,537,3,0,8.2185058594,0.8326171875,-5.2564941406,-2.0731707317,0.8536585366,0.8841463415,139.7972040559,-55.7988840223,-26.9994600108
16644894975,538,3,0,8.2400390625,0.8206542969,-5.2660644531,-1.8292682927,0.0609756098,0.8536585366,139.7972040559,-55.7988840223,-26.9994600108
16644940175,539,3,0,8.2663574219,0.8158691406,-5.3067382813,-1.7378048780,0.1829268293,0.2439024390,133.1973360533,-55.1988960221,-23.9995200096
16645007542,540,3,0,8.2639648438,0.8541503906,-5.2756347656,-1.3109756098,-0.1524390244,0.0000000000,133.1973360533,-55.1988960221,-23.9995200096
16645047467,541,3,0,8.1826171875,0.8732910156,-5.2301757813,-1.3719512195,-0.0609756098,0.1524390244,133.1973360533,-55.1988960221,-23.9995200096
16645061587,542,3,0,8.2543945313,0.8350097656,-5.3354492188,-1.6158536585,-0.6097560976,0.5792682927,133.1973360533,-55.1988960221,-23.9995200096
16645072733,543,3,0,8.1921875000,0.8972167969,-5.2469238281,-1.4329268293,-1.4024390244,0.4573170732,130.7973840523,-62.3987520250,-26.3994720106
16645087736,544,3,0,8.2591796875,0.8134765625,-5.3115234375,-2.0426829268,-1.8292682927,0.0000000000,130.7973840523,-62.3987520250,-26.3994720106
16645120234,545,3,0,8.2352539063,0.9043945313,-5.3234863281,-1.6158536585,-1.2500000000,0.1219512195,130.7973840523,-62.3987520250,-26.3994720106
16645140132,546,3,0,8.2424316406,0.8613281250,-5.3354492188,-2.0426829268,-1.1890243902,0.3048780488,130.7973840523,-62.3987520250,-26.3994720106
16645182463,547,3,0,8.2352539063,0.8756835938,-5.3569824219,-1.9207317073,-1.0060975610,0.2743902439,130.1973960521,-56.9988600228,-24.5995080098
16645236831,548,3,0,8.2185058594,0.8996093750,-5.3402343750,-2.0426829268,-0.5487804878,0.0304878049,130.1973960521,-56.9988600228,-24.5995080098
16645246586,549,3,0,8.2400390625,0.9331054688,-5.3521972656,-2.0121951220,-0.7317073171,0.0609756098,130.1973960521,-56.9988600228,-24.5995080098
16645287381,550,3,0,8.2208984375,0.9043945313,-5.3665527344,-2.1341463415,-0.3048780488,0.5487804878,130.1973960521,-56.9988600228,-24.5995080098
16645303887,551,3,0,8.1993652344,0.8661132813,-5.3258789063,-2.0731707317,0.2134146341,0.8231707317,130.1973960521,-56.9988600228,-24.5995080098
16645373979,552,3,0,8.2065429688,0.8469726563,-5.3091308594,-1.6463414634,-0.4268292683,0.7012195122,136.1972760545,-59.3988120238,-25.7994840103
16645387771,553,3,0,8.2161132813,0.8876464844,-5.3354492188,-1.3109756098,0.0914634146,0.4573170732,136.1972760545,-59.3988120238,-25.7994840103
16645397751,554,3,0,8.2041503906,0.8804687500,-5.3258789063,-1.0365853659,-0.5182926829,0.3658536585,136.1972760545,-59.3988120238,-25.7994840103
16645440136,555,3,0,8.2065429688,0.8876464844,-5.3234863281,-1.0060975610,-0.0914634146,0.2743902439,136.1972760545,-59.3988120238,-25.7994840103
16645463962,556,3,0,8.2161132813,0.9163574219,-5.3091308594,-1.2500000000,-0.7926829268,0.2134146341,134.3973120538,-59.9988000240,-33.5993280134
16645491144,557,3,0,8.2137207031,0.9283203125,-5.3330566406,-1.5548780488,-0.8841463415,0.1829268293,134.3973120538,-59.9988000240,-33.5993280134
16645537816,558,3,0,8.1993652344,0.8996093750,-5.3569824219,-1.8902439024,-0.4268292683,0.2439024390,134.3973120538,-59.9988000240,-33.5993280134
16645549002,559,3,0,8.1778320313,0.8996093750,-5.3378417969,-2.1036585366,-0.8536585366,0.3658536585,134.3973120538,-59.9988000240,-33.5993280134
16645590203,560,3,0,8.1778320313,0.8996093750,-5.3378417969,-2.1036585366,-0.8536585366,0.3658536585,131.9973600528,-57.5988480230,-23.9995200096
16645614121,561,3,0,8.2065429688,0.9163574219,-5.3641601563,-2.1341463415,-0.8536585366,0.4573170732,131.9973600528,-57.5988480230,-23.9995200096
16645641174,562,3,0,8.2137207031,0.9091796875,-5.3617675781,-1.9817073171,-0.5182926829,0.4268292683,131.9973600528,-57.5988480230,-23.9995200096
