timestamp,sequence,battery,flags,Photodiode-ch1
16619146120,0,-2,0,0.0000000000
16619146120,0,-2,0,0.0000000000
16619146120,0,-2,0,0.0000000000
16619146120,0,-2,0,0.0000000000
16619146120,0,-2,0,0.0000000000
16619146120,0,-2,0,0.0000000000
16619146120,0,-2,0,0.0000000000
16619146120,0,-2,0,0.0000000000
16619164885,1,-2,0,0.0000000000
16619164885,1,-2,0,0.0000000000
16619164885,1,-2,0,0.0000000000
16619164885,1,-2,0,0.0000000000
16619164885,1,-2,0,0.0000000000
16619164885,1,-2,0,0.0000000000
16619164885,1,-2,0,0.0000000000
16619164885,1,-2,0,0.0000000000
16619207515,2,-2,0,0.0000000000
16619207515,2,-2,0,0.0000000000
16619207515,2,-2,0,0.0000000000
16619207515,2,-2,0,0.0000000000
16619207515,2,-2,0,0.0000000000
16619207515,2,-2,0,0.0000000000
16619207515,2,-2,0,0.0000000000
16619207515,2,-2,0,0.0000000000
16619282815,3,-2,0,0.0000000000
16619282815,3,-2,0,0.0000000000
16619282815,3,-2,0,0.0000000000
16619282815,3,-2,0,0.0000000000
16619282815,3,-2,0,0.0000000000
16619282815,3,-2,0,0.0000000000
16619282815,3,-2,0,0.0000000000
16619282815,3,-2,0,0.0000000000
16619295254,4,-2,0,0.0000000000
16619295254,4,-2,0,0.0000000000
16619295254,4,-2,0,0.0000000000
16619295254,4,-2,0,0.0000000000
16619295254,4,-2,0,0.0000000000
16619295254,4,-2,0,0.0000000000
16619295254,4,-2,0,0.0000000000
16619295254,4,-2,0,0.0000000000
16619310009,5,-2,0,0.0000000000
16619310009,5,-2,0,0.0000000000
16619310009,5,-2,0,0.0000000000
16619310009,5,-2,0,0.0000000000
16619310009,5,-2,0,0.0000000000
16619310009,5,-2,0,0.0000000000
16619310009,5,-2,0,0.0000000000
16619310009,5,-2,0,0.0000000000
16619321304,6,-2,0,0.0000000000
16619321304,6,-2,0,0.0000000000
16619321304,6,-2,0,0.0000000000
16619321304,6,-2,0,0.0000000000
16619321304,6,-2,0,0.0000000000
16619321304,6,-2,0,0.0000000000
16619321304,6,-2,0,0.0000000000
16619321304,6,-2,0,0.0000000000
16619369867,7,-2,0,0.0000000000
16619369867,7,-2,0,0.0000000000
16619369867,7,-2,0,0.0000000000
16619369867,7,-2,0,0.0000000000
16619369867,7,-2,0,0.0000000000
16619369867,7,-2,0,0.0000000000
16619369867,7,-2,0,0.0000000000
16619369867,7,-2,0,0.0000000000
16619379051,8,-2,0,0.0000000000
16619379051,8,-2,0,0.0000000000
16619379051,8,-2,0,0.0000000000
16619379051,8,-2,0,0.0000000000
16619379051,8,-2,0,0.0000000000
16619379051,8,-2,0,0.0000000000
16619379051,8,-2,0,0.0000000000
16619379051,8,-2,0,0.0000000000
16619475141,9,-2,0,0.0000000000
16619475141,9,-2,0,0.0000000000
16619475141,9,-2,0,0.0000000000
16619475141,9,-2,0,0.0000000000
16619475141,9,-2,0,0.0000000000
16619475141,9,-2,0,0.0000000000
16619475141,9,-2,0,0.0000000000
16619475141,9,-2,0,0.0000000000
16619490033,10,-2,0,0.0000000000
16619490033,10,-2,0,0.0000000000
16619490033,10,-2,0,0.0000000000
16619490033,10,-2,0,0.0000000000
16619490033,10,-2,0,0.0000000000
16619490033,10,-2,0,0.0000000000
16619490033,10,-2,0,0.0000000000
16619490033,10,-2,0,0.0000000000
16619507850,11,-2,0,0.0000000000
16619507850,11,-2,0,0.0000000000
16619507850,11,-2,0,0.0000000000
16619507850,11,-2,0,0.0000000000
16619507850,11,-2,0,0.0000000000
16619507850,11,-2,0,0.0000000000
16619507850,11,-2,0,0.0000000000
16619507850,11,-2,0,0.0000000000
16619514867,12,-2,0,0.0000000000
16619514867,12,-2,0,0.0000000000
16619514867,12,-2,0,0.0000000000
16619514867,12,-2,0,0.0000000000
16619514867,12,-2,0,0.0000000000
16619514867,12,-2,0,0.0000000000
16619514867,12,-2,0,0.0000000000
16619514867,12,-2,0,0.0000000000
16619540260,13,-2,0,0.0000000000
16619540260,13,-2,0,0.0000000000
16619540260,13,-2,0,0.0000000000
16619540260,13,-2,0,0.0000000000
16619540260,13,-2,0,0.0000000000
16619540260,13,-2,0,0.0000000000
16619540260,13,-2,0,0.0000000000
16619540260,13,-2,0,0.0000000000
16619571296,14,-2,0,0.0000000000
16619571296,14,-2,0,0.0000000000
16619571296,14,-2,0,0.0000000000
16619571296,14,-2,0,0.0000000000
16619571296,14,-2,0,0.0000000000
16619571296,14,-2,0,0.0000000000
16619571296,14,-2,0,0.0000000000
16619571296,14,-2,0,0.0000000000
16619645211,15,-2,0,0.0000000000
16619645211,15,-2,0,0.0000000000
16619645211,15,-2,0,0.0000000000
16619645211,15,-2,0,0.0000000000
16619645211,15,-2,0,0.0000000000
16619645211,15,-2,0,0.0000000000
16619645211,15,-2,0,0.0000000000
16619645211,15,-2,0,0.0000000000
16619657735,16,-2,0,0.0000000000
16619657735,16,-2,0,0.0000000000
16619657735,16,-2,0,0.0000000000
16619657735,16,-2,0,0.0000000000
16619657735,16,-2,0,0.0000000000
16619657735,16,-2,0,0.0000000000
16619657735,16,-2,0,0.0000000000
16619657735,16,-2,0,0.0000000000
16619675201,17,-2,0,0.0000000000
16619675201,17,-2,0,0.0000000000
16619675201,17,-2,0,0.0000000000
16619675201,17,-2,0,0.0000000000
16619675201,17,-2,0,0.0000000000
16619675201,17,-2,0,0.0000000000
16619675201,17,-2,0,0.0000000000
16619675201,17,-2,0,0.0000000000
16619713973,18,-2,0,0.0000000000
16619713973,18,-2,0,0.0000000000
16619713973,18,-2,0,0.0000000000
16619713973,18,-2,0,0.0000000000
16619713973,18,-2,0,0.0000000000
16619713973,18,-2,0,0.0000000000
16619713973,18,-2,0,0.0000000000
16619713973,18,-2,0,0.0000000000
16619726580,19,-2,0,0.0000000000
16619726580,19,-2,0,0.0000000000
16619726580,19,-2,0,0.0000000000
16619726580,19,-2,0,0.0000000000
16619726580,19,-2,0,0.0000000000
16619726580,19,-2,0,0.0000000000
16619726580,19,-2,0,0.0000000000
16619726580,19,-2,0,0.0000000000
16619769922,20,-2,0,0.0000000000
16619769922,20,-2,0,0.0000000000
16619769922,20,-2,0,0.0000000000
16619769922,20,-2,0,0.0000000000
16619769922,20,-2,0,0.0000000000
16619769922,20,-2,0,0.0000000000
16619769922,20,-2,0,0.0000000000
16619769922,20,-2,0,0.0000000000
16619810193,21,-2,0,0.0000000000
16619810193,21,-2,0,0.0000000000
16619810193,21,-2,0,0.0000000000
16619810193,21,-2,0,0.0000000000
16619810193,21,-2,0,0.0000000000
16619810193,21,-2,0,0.0000000000
16619810193,21,-2,0,0.0000000000
16619810193,21,-2,0,0.0000000000
16619814899,22,-2,0,0.0000000000
16619814899,22,-2,0,0.0000000000
16619814899,22,-2,0,0.0000000000
16619814899,22,-2,0,0.0000000000
16619814899,22,-2,0,0.0000000000
16619814899,22,-2,0,0.0000000000
16619814899,22,-2,0,0.0000000000
16619814899,22,-2,0,0.0000000000
16619871454,23,-2,0,0.0000000000
16619871454,23,-2,0,0.0000000000
16619871454,23,-2,0,0.0000000000
16619871454,23,-2,0,0.0000000000
16619871454,23,-2,0,0.0000000000
16619871454,23,-2,0,0.0000000000
16619871454,23,-2,0,0.0000000000
16619871454,23,-2,0,0.0000000000
16619883824,24,-2,0,0.0000000000
16619883824,24,-2,0,0.0000000000
16619883824,24,-2,0,0.0000000000
16619883824,24,-2,0,0.0000000000
16619883824,24,-2,0,0.0000000000
16619883824,24,-2,0,0.0000000000
16619883824,24,-2,0,0.0000000000
16619883824,24,-2,0,0.0000000000
16619912737,25,-2,0,0.0000000000
16619912737,25,-2,0,0.0000000000
16619912737,25,-2,0,0.0000000000
16619912737,25,-2,0,0.0000000000
16619912737,25,-2,0,0.0000000000
16619912737,25,-2,0,0.0000000000
16619912737,25,-2,0,0.0000000000
16619912737,25,-2,0,0.0000000000
16619946106,26,-2,0,0.0000000000
16619946106,26,-2,0,0.0000000000
16619946106,26,-2,0,0.0000000000
16619946106,26,-2,0,0.0000000000
16619946106,26,-2,0,0.0000000000
16619946106,26,-2,0,0.0000000000
16619946106,26,-2,0,0.0000000000
16619946106,26,-2,0,0.0000000000
16620016038,27,-2,0,0.0000000000
16620016038,27,-2,0,0.0000000000
16620016038,27,-2,0,0.0000000000
16620016038,27,-2,0,0.0000000000
16620016038,27,-2,0,0.0000000000
16620016038,27,-2,0,0.0000000000
16620016038,27,-2,0,0.0000000000
16620016038,27,-2,0,0.0000000000
16620082502,28,-2,0,0.0000000000
16620082502,28,-2,0,0.0000000000
16620082502,28,-2,0,0.0000000000
16620082502,28,-2,0,0.0000000000
16620082502,28,-2,0,0.0000000000
16620082502,28,-2,0,0.0000000000
16620082502,28,-2,0,0.0000000000
16620082502,28,-2,0,0.0000000000
16620099842,29,-2,0,0.0000000000
16620099842,29,-2,0,0.0000000000
16620099842,29,-2,0,0.0000000000
16620099842,29,-2,0,0.0000000000
16620099842,29,-2,0,0.0000000000
16620099842,29,-2,0,0.0000000000
16620099842,29,-2,0,0.0000000000
16620099842,29,-2,0,0.0000000000
16620114771,30,-2,0,0.0000000000
16620114771,30,-2,0,0.0000000000
16620114771,30,-2,0,0.0000000000
16620114771,30,-2,0,0.0000000000
16620114771,30,-2,0,0.0000000000
16620114771,30,-2,0,0.0000000000
16620114771,30,-2,0,0.0000000000
16620114771,30,-2,0,0.0000000000
16620139976,31,3,0,0.0000000000
16620139976,31,3,0,0.0000000000
16620139976,31,3,0,0.0000000000
16620139976,31,3,0,0.0000000000
16620139976,31,3,0,0.0000000000
16620139976,31,3,0,0.0000000000
16620139976,31,3,0,0.0000000000
16620139976,31,3,0,0.0000000000
16620149996,32,3,0,0.0000000000
16620149996,32,3,0,0.0000000000
16620149996,32,3,0,0.0000000000
16620149996,32,3,0,0.0000000000
16620149996,32,3,0,0.0000000000
16620149996,32,3,0,0.0000000000
16620149996,32,3,0,0.0000000000
16620149996,32,3,0,0.0000000000
16620183937,33,3,0,0.0000000000
16620183937,33,3,0,0.0000000000
16620183937,33,3,0,0.0000000000
16620183937,33,3,0,0.0000000000
16620183937,33,3,0,0.0000000000
16620183937,33,3,0,0.0000000000
16620183937,33,3,0,0.0000000000
16620183937,33,3,0,0.0000000000
16620210546,34,3,0,0.0000000000
16620210546,34,3,0,0.0000000000
16620210546,34,3,0,0.0000000000
16620210546,34,3,0,0.0000000000
16620210546,34,3,0,0.0000000000
16620210546,34,3,0,0.0000000000
16620210546,34,3,0,0.0000000000
16620210546,34,3,0,0.0000000000
16620226188,35,3,0,0.0000000000
16620226188,35,3,0,0.0000000000
16620226188,35,3,0,0.0000000000
16620226188,35,3,0,0.0000000000
16620226188,35,3,0,0.0000000000
16620226188,35,3,0,0.0000000000
16620226188,35,3,0,0.0000000000
16620226188,35,3,0,0.0000000000
16620263817,36,3,0,0.0000000000
16620263817,36,3,0,0.0000000000
16620263817,36,3,0,0.0000000000
16620263817,36,3,0,0.0000000000
16620263817,36,3,0,0.0000000000
16620263817,36,3,0,0.0000000000
16620263817,36,3,0,0.0000000000
16620263817,36,3,0,0.0000000000
16620286521,37,3,0,0.0000000000
16620286521,37,3,0,0.0000000000
16620286521,37,3,0,0.0000000000
16620286521,37,3,0,0.0000000000
16620286521,37,3,0,0.0000000000
16620286521,37,3,0,0.0000000000
16620286521,37,3,0,0.0000000000
16620286521,37,3,0,0.0000000000
16620321260,38,3,0,0.0000000000
16620321260,38,3,0,0.0000000000
16620321260,38,3,0,0.0000000000
16620321260,38,3,0,0.0000000000
16620321260,38,3,0,0.0000000000
16620321260,38,3,0,0.0000000000
16620321260,38,3,0,0.0000000000
16620321260,38,3,0,0.0000000000
16620378521,39,3,0,0.0000000000
16620378521,39,3,0,0.0000000000
16620378521,39,3,0,0.0000000000
16620378521,39,3,0,0.0000000000
16620378521,39,3,0,0.0000000000
16620378521,39,3,0,0.0000000000
16620378521,39,3,0,0.0000000000
16620378521,39,3,0,0.0000000000
16620397563,40,3,0,0.0000000000
16620397563,40,3,0,0.0000000000
16620397563,40,3,0,0.0000000000
16620397563,40,3,0,0.0000000000
16620397563,40,3,0,0.0000000000
16620397563,40,3,0,0.0000000000
16620397563,40,3,0,0.0000000000
16620397563,40,3,0,0.0000000000
16620436257,41,3,0,0.0000000000
16620436257,41,3,0,0.0000000000
16620436257,41,3,0,0.0000000000
16620436257,41,3,0,0.0000000000
16620436257,41,3,0,0.0000000000
16620436257,41,3,0,0.0000000000
16620436257,41,3,0,0.0000000000
16620436257,41,3,0,0.0000000000
16620461455,42,3,0,0.0000000000
16620461455,42,3,0,0.0000000000
16620461455,42,3,0,0.0000000000
16620461455,42,3,0,0.0000000000
16620461455,42,3,0,0.0000000000
16620461455,42,3,0,0.0000000000
16620461455,42,3,0,0.0000000000
16620461455,42,3,0,0.0000000000
16620466153,43,3,0,0.0000000000
16620466153,43,3,0,0.0000000000
16620466153,43,3,0,0.0000000000
16620466153,43,3,0,0.0000000000
16620466153,43,3,0,0.0000000000
16620466153,43,3,0,0.0000000000
16620466153,43,3,0,0.0000000000
16620466153,43,3,0,0.0000000000
16620522696,44,3,0,0.0000000000
16620522696,44,3,0,0.0000000000
16620522696,44,3,0,0.0000000000
16620522696,44,3,0,0.0000000000
16620522696,44,3,0,0.0000000000
16620522696,44,3,0,0.0000000000
16620522696,44,3,0,0.0000000000
16620522696,44,3,0,0.0000000000
16620561600,45,3,0,0.0000000000
16620561600,45,3,0,0.0000000000
16620561600,45,3,0,0.0000000000
16620561600,45,3,0,0.0000000000
16620561600,45,3,0,0.0000000000
16620561600,45,3,0,0.0000000000
16620561600,45,3,0,0.0000000000
16620561600,45,3,0,0.0000000000
16620577322,46,3,0,0.0000000000
16620577322,46,3,0,0.0000000000
16620577322,46,3,0,0.0000000000
16620577322,46,3,0,0.0000000000
16620577322,46,3,0,0.0000000000
16620577322,46,3,0,0.0000000000
16620577322,46,3,0,0.0000000000
16620577322,46,3,0,0.0000000000
16620625056,47,3,0,0.0000000000
16620625056,47,3,0,0.0000000000
16620625056,47,3,0,0.0000000000
16620625056,47,3,0,0.0000000000
16620625056,47,3,0,0.0000000000
16620625056,47,3,0,0.0000000000
16620625056,47,3,0,0.0000000000
16620625056,47,3,0,0.0000000000
16620639087,48,3,0,0.0000000000
16620639087,48,3,0,0.0000000000
16620639087,48,3,0,0.0000000000
16620639087,48,3,0,0.0000000000
16620639087,48,3,0,0.0000000000
16620639087,48,3,0,0.0000000000
16620639087,48,3,0,0.0000000000
16620639087,48,3,0,0.0000000000
16620663975,49,3,0,0.0000000000
16620663975,49,3,0,0.0000000000
16620663975,49,3,0,0.0000000000
16620663975,49,3,0,0.0000000000
16620663975,49,3,0,0.0000000000
16620663975,49,3,0,0.0000000000
16620663975,49,3,0,0.0000000000
16620663975,49,3,0,0.0000000000
16620721467,50,3,0,0.0000000000
16620721467,50,3,0,0.0000000000
16620721467,50,3,0,0.0000000000
16620721467,50,3,0,0.0000000000
16620721467,50,3,0,0.0000000000
16620721467,50,3,0,0.0000000000
16620721467,50,3,0,0.0000000000
16620721467,50,3,0,0.0000000000
16620826678,51,3,0,0.0000000000
16620826678,51,3,0,0.0000000000
16620826678,51,3,0,0.0000000000
16620826678,51,3,0,0.0000000000
16620826678,51,3,0,0.0000000000
16620826678,51,3,0,0.0000000000
16620826678,51,3,0,0.0000000000
16620826678,51,3,0,0.0000000000
16620837711,52,3,0,0.0000000000
16620837711,52,3,0,0.0000000000
16620837711,52,3,0,0.0000000000
16620837711,52,3,0,0.0000000000
16620837711,52,3,0,0.0000000000
16620837711,52,3,0,0.0000000000
16620837711,52,3,0,0.0000000000
16620837711,52,3,0,0.0000000000
16620861584,53,3,0,0.0000000000
16620861584,53,3,0,0.0000000000
16620861584,53,3,0,0.0000000000
16620861584,53,3,0,0.0000000000
16620861584,53,3,0,0.0000000000
16620861584,53,3,0,0.0000000000
16620861584,53,3,0,0.0000000000
16620861584,53,3,0,0.0000000000
16620899887,54,3,0,0.0000000000
16620899887,54,3,0,0.0000000000
16620899887,54,3,0,0.0000000000
16620899887,54,3,0,0.0000000000
16620899887,54,3,0,0.0000000000
16620899887,54,3,0,0.0000000000
16620899887,54,3,0,0.0000000000
16620899887,54,3,0,0.0000000000
16620913990,55,3,0,0.0000000000
16620913990,55,3,0,0.0000000000
16620913990,55,3,0,0.0000000000
16620913990,55,3,0,0.0000000000
16620913990,55,3,0,0.0000000000
16620913990,55,3,0,0.0000000000
16620913990,55,3,0,0.0000000000
16620913990,55,3,0,0.0000000000
16620927602,56,3,0,0.0000000000
16620927602,56,3,0,0.0000000000
16620927602,56,3,0,0.0000000000
16620927602,56,3,0,0.0000000000
16620927602,56,3,0,0.0000000000
16620927602,56,3,0,0.0000000000
16620927602,56,3,0,0.0000000000
16620927602,56,3,0,0.0000000000
16620985185,57,3,0,0.0000000000
16620985185,57,3,0,0.0000000000
16620985185,57,3,0,0.0000000000
16620985185,57,3,0,0.0000000000
16620985185,57,3,0,0.0000000000
16620985185,57,3,0,0.0000000000
16620985185,57,3,0,0.0000000000
16620985185,57,3,0,0.0000000000
16621002577,58,3,0,0.0000000000
16621002577,58,3,0,0.0000000000
16621002577,58,3,0,0.0000000000
16621002577,58,3,0,0.0000000000
16621002577,58,3,0,0.0000000000
16621002577,58,3,0,0.0000000000
16621002577,58,3,0,0.0000000000
16621002577,58,3,0,0.0000000000
16621022692,59,3,0,0.0000000000
16621022692,59,3,0,0.0000000000
16621022692,59,3,0,0.0000000000
16621022692,59,3,0,0.0000000000
16621022692,59,3,0,0.0000000000
16621022692,59,3,0,0.0000000000
16621022692,59,3,0,0.0000000000
16621022692,59,3,0,0.0000000000
16621034844,60,3,0,0.0000000000
16621034844,60,3,0,0.0000000000
16621034844,60,3,0,0.0000000000
16621034844,60,3,0,0.0000000000
16621034844,60,3,0,0.0000000000
16621034844,60,3,0,0.0000000000
16621034844,60,3,0,0.0000000000
16621034844,60,3,0,0.0000000000
16621039995,61,3,0,0.0000000000
16621039995,61,3,0,0.0000000000
16621039995,61,3,0,0.0000000000
16621039995,61,3,0,0.0000000000
16621039995,61,3,0,0.0000000000
16621039995,61,3,0,0.0000000000
16621039995,61,3,0,0.0000000000
16621039995,61,3,0,0.0000000000
16621134175,62,3,0,0.0000000000
16621134175,62,3,0,0.0000000000
16621134175,62,3,0,0.0000000000
16621134175,62,3,0,0.0000000000
16621134175,62,3,0,0.0000000000
16621134175,62,3,0,0.0000000000
16621134175,62,3,0,0.0000000000
16621134175,62,3,0,0.0000000000
16621146471,63,3,0,0.0000000000
16621146471,63,3,0,0.0000000000
16621146471,63,3,0,0.0000000000
16621146471,63,3,0,0.0000000000
16621146471,63,3,0,0.0000000000
16621146471,63,3,0,0.0000000000
16621146471,63,3,0,0.0000000000
16621146471,63,3,0,0.0000000000
16621164062,64,3,0,0.0000000000
16621164062,64,3,0,0.0000000000
16621164062,64,3,0,0.0000000000
16621164062,64,3,0,0.0000000000
16621164062,64,3,0,0.0000000000
16621164062,64,3,0,0.0000000000
16621164062,64,3,0,0.0000000000
16621164062,64,3,0,0.0000000000
16621186241,65,3,0,0.0000000000
16621186241,65,3,0,0.0000000000
16621186241,65,3,0,0.0000000000
16621186241,65,3,0,0.0000000000
16621186241,65,3,0,0.0000000000
16621186241,65,3,0,0.0000000000
16621186241,65,3,0,0.0000000000
16621186241,65,3,0,0.0000000000
16621207420,66,3,0,0.0000000000
16621207420,66,3,0,0.0000000000
16621207420,66,3,0,0.0000000000
16621207420,66,3,0,0.0000000000
16621207420,66,3,0,0.0000000000
16621207420,66,3,0,0.0000000000
16621207420,66,3,0,0.0000000000
16621207420,66,3,0,0.0000000000
16621227655,67,3,0,0.0000000000
16621227655,67,3,0,0.0000000000
16621227655,67,3,0,0.0000000000
16621227655,67,3,0,0.0000000000
16621227655,67,3,0,0.0000000000
16621227655,67,3,0,0.0000000000
16621227655,67,3,0,0.0000000000
16621227655,67,3,0,0.0000000000
16621299936,68,3,0,0.0000000000
16621299936,68,3,0,0.0000000000
16621299936,68,3,0,0.0000000000
16621299936,68,3,0,0.0000000000
16621299936,68,3,0,0.0000000000
16621299936,68,3,0,0.0000000000
16621299936,68,3,0,0.0000000000
16621299936,68,3,0,0.0000000000
16621364009,69,3,0,0.0000000000
16621364009,69,3,0,0.0000000000
16621364009,69,3,0,0.0000000000
16621364009,69,3,0,0.0000000000
16621364009,69,3,0,0.0000000000
16621364009,69,3,0,0.0000000000
16621364009,69,3,0,0.0000000000
16621364009,69,3,0,0.0000000000
16621384993,70,3,0,0.0000000000
16621384993,70,3,0,0.0000000000
16621384993,70,3,0,0.0000000000
16621384993,70,3,0,0.0000000000
16621384993,70,3,0,0.0000000000
16621384993,70,3,0,0.0000000000
16621384993,70,3,0,0.0000000000
16621384993,70,3,0,0.0000000000
16621402457,71,3,0,0.0000000000
16621402457,71,3,0,0.0000000000
16621402457,71,3,0,0.0000000000
16621402457,71,3,0,0.0000000000
16621402457,71,3,0,0.0000000000
16621402457,71,3,0,0.0000000000
16621402457,71,3,0,0.0000000000
16621402457,71,3,0,0.0000000000
16621426057,72,3,0,0.0000000000
16621426057,72,3,0,0.0000000000
16621426057,72,3,0,0.0000000000
16621426057,72,3,0,0.0000000000
16621426057,72,3,0,0.0000000000
16621426057,72,3,0,0.0000000000
16621426057,72,3,0,0.0000000000
16621426057,72,3,0,0.0000000000
16621475269,73,3,0,0.0000000000
16621475269,73,3,0,0.0000000000
16621475269,73,3,0,0.0000000000
16621475269,73,3,0,0.0000000000
16621475269,73,3,0,0.0000000000
16621475269,73,3,0,0.0000000000
16621475269,73,3,0,0.0000000000
16621475269,73,3,0,0.0000000000
16621497490,74,3,0,0.0000000000
16621497490,74,3,0,0.0000000000
16621497490,74,3,0,0.0000000000
16621497490,74,3,0,0.0000000000
16621497490,74,3,0,0.0000000000
16621497490,74,3,0,0.0000000000
16621497490,74,3,0,0.0000000000
16621497490,74,3,0,0.0000000000
16621512638,75,3,0,0.0000000000
16621512638,75,3,0,0.0000000000
16621512638,75,3,0,0.0000000000
16621512638,75,3,0,0.0000000000
16621512638,75,3,0,0.0000000000
16621512638,75,3,0,0.0000000000
16621512638,75,3,0,0.0000000000
16621512638,75,3,0,0.0000000000
16621541276,76,3,0,0.0000000000
16621541276,76,3,0,0.0000000000
16621541276,76,3,0,0.0000000000
16621541276,76,3,0,0.0000000000
16621541276,76,3,0,0.0000000000
16621541276,76,3,0,0.0000000000
16621541276,76,3,0,0.0000000000
16621541276,76,3,0,0.0000000000
16621552328,77,3,0,0.0000000000
16621552328,77,3,0,0.0000000000
16621552328,77,3,0,0.0000000000
16621552328,77,3,0,0.0000000000
16621552328,77,3,0,0.0000000000
16621552328,77,3,0,0.0000000000
16621552328,77,3,0,0.0000000000
16621552328,77,3,0,0.0000000000
16621583704,78,3,0,0.0000000000
16621583704,78,3,0,0.0000000000
16621583704,78,3,0,0.0000000000
16621583704,78,3,0,0.0000000000
16621583704,78,3,0,0.0000000000
16621583704,78,3,0,0.0000000000
16621583704,78,3,0,0.0000000000
16621583704,78,3,0,0.0000000000
16621600073,79,3,0,0.0000000000
16621600073,79,3,0,0.0000000000
16621600073,79,3,0,0.0000000000
16621600073,79,3,0,0.0000000000
16621600073,79,3,0,0.0000000000
16621600073,79,3,0,0.0000000000
16621600073,79,3,0,0.0000000000
16621600073,79,3,0,0.0000000000
16621649113,80,3,0,0.0000000000
16621649113,80,3,0,0.0000000000
16621649113,80,3,0,0.0000000000
16621649113,80,3,0,0.0000000000
16621649113,80,3,0,0.0000000000
16621649113,80,3,0,0.0000000000
16621649113,80,3,0,0.0000000000
16621649113,80,3,0,0.0000000000
16621714069,81,3,0,0.0000000000
16621714069,81,3,0,0.0000000000
16621714069,81,3,0,0.0000000000
16621714069,81,3,0,0.0000000000
16621714069,81,3,0,0.0000000000
16621714069,81,3,0,0.0000000000
16621714069,81,3,0,0.0000000000
16621714069,81,3,0,0.0000000000
16621717684,82,3,0,0.0000000000
16621717684,82,3,0,0.0000000000
16621717684,82,3,0,0.0000000000
16621717684,82,3,0,0.0000000000
16621717684,82,3,0,0.0000000000
16621717684,82,3,0,0.0000000000
16621717684,82,3,0,0.0000000000
16621717684,82,3,0,0.0000000000
16621736126,83,3,0,0.0000000000
16621736126,83,3,0,0.0000000000
16621736126,83,3,0,0.0000000000
16621736126,83,3,0,0.0000000000
16621736126,83,3,0,0.0000000000
16621736126,83,3,0,0.0000000000
16621736126,83,3,0,0.0000000000
16621736126,83,3,0,0.0000000000
16621764856,84,3,0,0.0000000000
16621764856,84,3,0,0.0000000000
16621764856,84,3,0,0.0000000000
16621764856,84,3,0,0.0000000000
16621764856,84,3,0,0.0000000000
16621764856,84,3,0,0.0000000000
16621764856,84,3,0,0.0000000000
16621764856,84,3,0,0.0000000000
16621795102,85,3,0,0.0000000000
16621795102,85,3,0,0.0000000000
16621795102,85,3,0,0.0000000000
16621795102,85,3,0,0.0000000000
16621795102,85,3,0,0.0000000000
16621795102,85,3,0,0.0000000000
16621795102,85,3,0,0.0000000000
16621795102,85,3,0,0.0000000000
16621860095,86,3,0,0.0000000000
16621860095,86,3,0,0.0000000000
16621860095,86,3,0,0.0000000000
16621860095,86,3,0,0.0000000000
16621860095,86,3,0,0.0000000000
16621860095,86,3,0,0.0000000000
16621860095,86,3,0,0.0000000000
16621860095,86,3,0,0.0000000000
16621877573,87,3,0,0.0000000000
16621877573,87,3,0,0.0000000000
16621877573,87,3,0,0.0000000000
16621877573,87,3,0,0.0000000000
16621877573,87,3,0,0.0000000000
16621877573,87,3,0,0.0000000000
16621877573,87,3,0,0.0000000000
16621877573,87,3,0,0.0000000000
16621889133,88,3,0,0.0000000000
16621889133,88,3,0,0.0000000000
16621889133,88,3,0,0.0000000000
16621889133,88,3,0,0.0000000000
16621889133,88,3,0,0.0000000000
16621889133,88,3,0,0.0000000000
16621889133,88,3,0,0.0000000000
16621889133,88,3,0,0.0000000000
16621923984,89,3,0,0.0000000000
16621923984,89,3,0,0.0000000000
16621923984,89,3,0,0.0000000000
16621923984,89,3,0,0.0000000000
16621923984,89,3,0,0.0000000000
16621923984,89,3,0,0.0000000000
16621923984,89,3,0,0.0000000000
16621923984,89,3,0,0.0000000000
16621965214,90,3,0,0.0000000000
16621965214,90,3,0,0.0000000000
16621965214,90,3,0,0.0000000000
16621965214,90,3,0,0.0000000000
16621965214,90,3,0,0.0000000000
16621965214,90,3,0,0.0000000000
16621965214,90,3,0,0.0000000000
16621965214,90,3,0,0.0000000000
16622024141,91,3,0,0.0000000000
16622024141,91,3,0,0.0000000000
16622024141,91,3,0,0.0000000000
16622024141,91,3,0,0.0000000000
16622024141,91,3,0,0.0000000000
16622024141,91,3,0,0.0000000000
16622024141,91,3,0,0.0000000000
16622024141,91,3,0,0.0000000000
16622035175,92,3,0,0.0000000000
16622035175,92,3,0,0.0000000000
16622035175,92,3,0,0.0000000000
16622035175,92,3,0,0.0000000000
16622035175,92,3,0,0.0000000000
16622035175,92,3,0,0.0000000000
16622035175,92,3,0,0.0000000000
16622035175,92,3,0,0.0000000000
16622048772,93,3,0,0.0000000000
16622048772,93,3,0,0.0000000000
16622048772,93,3,0,0.0000000000
16622048772,93,3,0,0.0000000000
16622048772,93,3,0,0.0000000000
16622048772,93,3,0,0.0000000000
16622048772,93,3,0,0.0000000000
16622048772,93,3,0,0.0000000000
16622095165,94,3,0,0.0000000000
16622095165,94,3,0,0.0000000000
16622095165,94,3,0,0.0000000000
16622095165,94,3,0,0.0000000000
16622095165,94,3,0,0.0000000000
16622095165,94,3,0,0.0000000000
16622095165,94,3,0,0.0000000000
16622095165,94,3,0,0.0000000000
16622102667,95,3,0,0.0000000000
16622102667,95,3,0,0.0000000000
16622102667,95,3,0,0.0000000000
16622102667,95,3,0,0.0000000000
16622102667,95,3,0,0.0000000000
16622102667,95,3,0,0.0000000000
16622102667,95,3,0,0.0000000000
16622102667,95,3,0,0.0000000000
16622138937,96,3,0,0.0000000000
16622138937,96,3,0,0.0000000000
16622138937,96,3,0,0.0000000000
16622138937,96,3,0,0.0000000000
16622138937,96,3,0,0.0000000000
16622138937,96,3,0,0.0000000000
16622138937,96,3,0,0.0000000000
16622138937,96,3,0,0.0000000000
16622162574,97,3,0,0.0000000000
16622162574,97,3,0,0.0000000000
16622162574,97,3,0,0.0000000000
16622162574,97,3,0,0.0000000000
16622162574,97,3,0,0.0000000000
16622162574,97,3,0,0.0000000000
16622162574,97,3,0,0.0000000000
16622162574,97,3,0,0.0000000000
16622232742,98,3,0,0.0000000000
16622232742,98,3,0,0.0000000000
16622232742,98,3,0,0.0000000000
16622232742,98,3,0,0.0000000000
16622232742,98,3,0,0.0000000000
16622232742,98,3,0,0.0000000000
16622232742,98,3,0,0.0000000000
16622232742,98,3,0,0.0000000000
16622260210,99,3,0,0.0000000000
16622260210,99,3,0,0.0000000000
16622260210,99,3,0,0.0000000000
16622260210,99,3,0,0.0000000000
16622260210,99,3,0,0.0000000000
16622260210,99,3,0,0.0000000000
16622260210,99,3,0,0.0000000000
16622260210,99,3,0,0.0000000000
16622274339,100,3,0,0.0000000000
16622274339,100,3,0,0.0000000000
16622274339,100,3,0,0.0000000000
16622274339,100,3,0,0.0000000000
16622274339,100,3,0,0.0000000000
16622274339,100,3,0,0.0000000000
16622274339,100,3,0,0.0000000000
16622274339,100,3,0,0.0000000000
16622284042,101,3,0,0.0000000000
16622284042,101,3,0,0.0000000000
16622284042,101,3,0,0.0000000000
16622284042,101,3,0,0.0000000000
16622284042,101,3,0,0.0000000000
16622284042,101,3,0,0.0000000000
16622284042,101,3,0,0.0000000000
16622284042,101,3,0,0.0000000000
16622321497,102,3,0,0.0000000000
16622321497,102,3,0,0.0000000000
16622321497,102,3,0,0.0000000000
16622321497,102,3,0,0.0000000000
16622321497,102,3,0,0.0000000000
16622321497,102,3,0,0.0000000000
16622321497,102,3,0,0.0000000000
16622321497,102,3,0,0.0000000000
16622371320,103,3,0,0.0000000000
16622371320,103,3,0,0.0000000000
16622371320,103,3,0,0.0000000000
16622371320,103,3,0,0.0000000000
16622371320,103,3,0,0.0000000000
16622371320,103,3,0,0.0000000000
16622371320,103,3,0,0.0000000000
16622371320,103,3,0,0.0000000000
16622389134,104,3,0,0.0000000000
16622389134,104,3,0,0.0000000000
16622389134,104,3,0,0.0000000000
16622389134,104,3,0,0.0000000000
16622389134,104,3,0,0.0000000000
16622389134,104,3,0,0.0000000000
16622389134,104,3,0,0.0000000000
16622389134,104,3,0,0.0000000000
16622446541,105,3,0,0.0000000000
16622446541,105,3,0,0.0000000000
16622446541,105,3,0,0.0000000000
16622446541,105,3,0,0.0000000000
16622446541,105,3,0,0.0000000000
16622446541,105,3,0,0.0000000000
16622446541,105,3,0,0.0000000000
16622446541,105,3,0,0.0000000000
16622461466,106,3,0,0.0000000000
16622461466,106,3,0,0.0000000000
16622461466,106,3,0,0.0000000000
16622461466,106,3,0,0.0000000000
16622461466,106,3,0,0.0000000000
16622461466,106,3,0,0.0000000000
16622461466,106,3,0,0.0000000000
16622461466,106,3,0,0.0000000000
16622482390,107,3,0,0.0000000000
16622482390,107,3,0,0.0000000000
16622482390,107,3,0,0.0000000000
16622482390,107,3,0,0.0000000000
16622482390,107,3,0,0.0000000000
16622482390,107,3,0,0.0000000000
16622482390,107,3,0,0.0000000000
16622482390,107,3,0,0.0000000000
16622513747,108,3,0,0.0000000000
16622513747,108,3,0,0.0000000000
16622513747,108,3,0,0.0000000000
16622513747,108,3,0,0.0000000000
16622513747,108,3,0,0.0000000000
16622513747,108,3,0,0.0000000000
16622513747,108,3,0,0.0000000000
16622513747,108,3,0,0.0000000000
16622587607,109,3,0,0.0000000000
16622587607,109,3,0,0.0000000000
16622587607,109,3,0,0.0000000000
16622587607,109,3,0,0.0000000000
16622587607,109,3,0,0.0000000000
16622587607,109,3,0,0.0000000000
16622587607,109,3,0,0.0000000000
16622587607,109,3,0,0.0000000000
16622599971,110,3,0,0.0000000000
16622599971,110,3,0,0.0000000000
16622599971,110,3,0,0.0000000000
16622599971,110,3,0,0.0000000000
16622599971,110,3,0,0.0000000000
16622599971,110,3,0,0.0000000000
16622599971,110,3,0,0.0000000000
16622599971,110,3,0,0.0000000000
16622637469,111,3,0,0.0000000000
16622637469,111,3,0,0.0000000000
16622637469,111,3,0,0.0000000000
16622637469,111,3,0,0.0000000000
16622637469,111,3,0,0.0000000000
16622637469,111,3,0,0.0000000000
16622637469,111,3,0,0.0000000000
16622637469,111,3,0,0.0000000000
16622661442,112,3,0,0.0000000000
16622661442,112,3,0,0.0000000000
16622661442,112,3,0,0.0000000000
16622661442,112,3,0,0.0000000000
16622661442,112,3,0,0.0000000000
16622661442,112,3,0,0.0000000000
16622661442,112,3,0,0.0000000000
16622661442,112,3,0,0.0000000000
16622686501,113,3,0,0.0000000000
16622686501,113,3,0,0.0000000000
16622686501,113,3,0,0.0000000000
16622686501,113,3,0,0.0000000000
16622686501,113,3,0,0.0000000000
16622686501,113,3,0,0.0000000000
16622686501,113,3,0,0.0000000000
16622686501,113,3,0,0.0000000000
16622698798,114,3,0,0.0000000000
16622698798,114,3,0,0.0000000000
16622698798,114,3,0,0.0000000000
16622698798,114,3,0,0.0000000000
16622698798,114,3,0,0.0000000000
16622698798,114,3,0,0.0000000000
16622698798,114,3,0,0.0000000000
16622698798,114,3,0,0.0000000000
16622758970,115,3,0,0.0000000000
16622758970,115,3,0,0.0000000000
16622758970,115,3,0,0.0000000000
16622758970,115,3,0,0.0000000000
16622758970,115,3,0,0.0000000000
16622758970,115,3,0,0.0000000000
16622758970,115,3,0,0.0000000000
16622758970,115,3,0,0.0000000000
16622775339,116,3,0,0.0000000000
16622775339,116,3,0,0.0000000000
16622775339,116,3,0,0.0000000000
16622775339,116,3,0,0.0000000000
16622775339,116,3,0,0.0000000000
16622775339,116,3,0,0.0000000000
16622775339,116,3,0,0.0000000000
16622775339,116,3,0,0.0000000000
16622811570,117,3,0,0.0000000000
16622811570,117,3,0,0.0000000000
16622811570,117,3,0,0.0000000000
16622811570,117,3,0,0.0000000000
16622811570,117,3,0,0.0000000000
16622811570,117,3,0,0.0000000000
16622811570,117,3,0,0.0000000000
16622811570,117,3,0,0.0000000000
16622832693,118,3,0,0.0000000000
16622832693,118,3,0,0.0000000000
16622832693,118,3,0,0.0000000000
16622832693,118,3,0,0.0000000000
16622832693,118,3,0,0.0000000000
16622832693,118,3,0,0.0000000000
16622832693,118,3,0,0.0000000000
16622832693,118,3,0,0.0000000000
16622875036,119,3,0,0.0000000000
16622875036,119,3,0,0.0000000000
16622875036,119,3,0,0.0000000000
16622875036,119,3,0,0.0000000000
16622875036,119,3,0,0.0000000000
16622875036,119,3,0,0.0000000000
16622875036,119,3,0,0.0000000000
16622875036,119,3,0,0.0000000000
16622896477,120,3,0,0.0000000000
16622896477,120,3,0,0.0000000000
16622896477,120,3,0,0.0000000000
16622896477,120,3,0,0.0000000000
16622896477,120,3,0,0.0000000000
16622896477,120,3,0,0.0000000000
16622896477,120,3,0,0.0000000000
16622896477,120,3,0,0.0000000000
16622951159,121,3,0,0.0000000000
16622951159,121,3,0,0.0000000000
16622951159,121,3,0,0.0000000000
16622951159,121,3,0,0.0000000000
16622951159,121,3,0,0.0000000000
16622951159,121,3,0,0.0000000000
16622951159,121,3,0,0.0000000000
16622951159,121,3,0,0.0000000000
16622971412,122,3,0,0.0000000000
16622971412,122,3,0,0.0000000000
16622971412,122,3,0,0.0000000000
16622971412,122,3,0,0.0000000000
16622971412,122,3,0,0.0000000000
16622971412,122,3,0,0.0000000000
16622971412,122,3,0,0.0000000000
16622971412,122,3,0,0.0000000000
16622978965,123,3,0,0.0000000000
16622978965,123,3,0,0.0000000000
16622978965,123,3,0,0.0000000000
16622978965,123,3,0,0.0000000000
16622978965,123,3,0,0.0000000000
16622978965,123,3,0,0.0000000000
16622978965,123,3,0,0.0000000000
16622978965,123,3,0,0.0000000000
16623019880,124,3,0,0.0000000000
16623019880,124,3,0,0.0000000000
16623019880,124,3,0,0.0000000000
16623019880,124,3,0,0.0000000000
16623019880,124,3,0,0.0000000000
16623019880,124,3,0,0.0000000000
16623019880,124,3,0,0.0000000000
16623019880,124,3,0,0.0000000000
16623034161,125,3,0,0.0000000000
16623034161,125,3,0,0.0000000000
16623034161,125,3,0,0.0000000000
16623034161,125,3,0,0.0000000000
16623034161,125,3,0,0.0000000000
16623034161,125,3,0,0.0000000000
16623034161,125,3,0,0.0000000000
16623034161,125,3,0,0.0000000000
16623083937,126,3,0,0.0000000000
16623083937,126,3,0,0.0000000000
16623083937,126,3,0,0.0000000000
16623083937,126,3,0,0.0000000000
16623083937,126,3,0,0.0000000000
16623083937,126,3,0,0.0000000000
16623083937,126,3,0,0.0000000000
16623083937,126,3,0,0.0000000000
16623099902,127,3,0,0.0000000000
16623099902,127,3,0,0.0000000000
16623099902,127,3,0,0.0000000000
16623099902,127,3,0,0.0000000000
16623099902,127,3,0,0.0000000000
16623099902,127,3,0,0.0000000000
16623099902,127,3,0,0.0000000000
16623099902,127,3,0,0.0000000000
16623148969,128,3,0,0.0000000000
16623148969,128,3,0,0.0000000000
16623148969,128,3,0,0.0000000000
16623148969,128,3,0,0.0000000000
16623148969,128,3,0,0.0000000000
16623148969,128,3,0,0.0000000000
16623148969,128,3,0,0.0000000000
16623148969,128,3,0,0.0000000000
16623173955,129,3,0,0.0000000000
16623173955,129,3,0,0.0000000000
16623173955,129,3,0,0.0000000000
16623173955,129,3,0,0.0000000000
16623173955,129,3,0,0.0000000000
16623173955,129,3,0,0.0000000000
16623173955,129,3,0,0.0000000000
16623173955,129,3,0,0.0000000000
16623195245,130,3,0,0.0000000000
16623195245,130,3,0,0.0000000000
16623195245,130,3,0,0.0000000000
16623195245,130,3,0,0.0000000000
16623195245,130,3,0,0.0000000000
16623195245,130,3,0,0.0000000000
16623195245,130,3,0,0.0000000000
16623195245,130,3,0,0.0000000000
16623319920,131,3,0,0.0000000000
16623319920,131,3,0,0.0000000000
16623319920,131,3,0,0.0000000000
16623319920,131,3,0,0.0000000000
16623319920,131,3,0,0.0000000000
16623319920,131,3,0,0.0000000000
16623319920,131,3,0,0.0000000000
16623319920,131,3,0,0.0000000000
16623335177,132,3,0,0.0000000000
16623335177,132,3,0,0.0000000000
16623335177,132,3,0,0.0000000000
16623335177,132,3,0,0.0000000000
16623335177,132,3,0,0.0000000000
16623335177,132,3,0,0.0000000000
16623335177,132,3,0,0.0000000000
16623335177,132,3,0,0.0000000000
16623350173,133,3,0,0.0000000000
16623350173,133,3,0,0.0000000000
16623350173,133,3,0,0.0000000000
16623350173,133,3,0,0.0000000000
16623350173,133,3,0,0.0000000000
16623350173,133,3,0,0.0000000000
16623350173,133,3,0,0.0000000000
16623350173,133,3,0,0.0000000000
16623376478,134,3,0,0.0000000000
16623376478,134,3,0,0.0000000000
16623376478,134,3,0,0.0000000000
16623376478,134,3,0,0.0000000000
16623376478,134,3,0,0.0000000000
16623376478,134,3,0,0.0000000000
16623376478,134,3,0,0.0000000000
16623376478,134,3,0,0.0000000000
16623386256,135,3,0,0.0000000000
16623386256,135,3,0,0.0000000000
16623386256,135,3,0,0.0000000000
16623386256,135,3,0,0.0000000000
16623386256,135,3,0,0.0000000000
16623386256,135,3,0,0.0000000000
16623386256,135,3,0,0.0000000000
16623386256,135,3,0,0.0000000000
16623398810,136,3,0,0.0000000000
16623398810,136,3,0,0.0000000000
16623398810,136,3,0,0.0000000000
16623398810,136,3,0,0.0000000000
16623398810,136,3,0,0.0000000000
16623398810,136,3,0,0.0000000000
16623398810,136,3,0,0.0000000000
16623398810,136,3,0,0.0000000000
16623426516,137,3,0,0.0000000000
16623426516,137,3,0,0.0000000000
16623426516,137,3,0,0.0000000000
16623426516,137,3,0,0.0000000000
16623426516,137,3,0,0.0000000000
16623426516,137,3,0,0.0000000000
16623426516,137,3,0,0.0000000000
16623426516,137,3,0,0.0000000000
16623449944,138,3,0,0.0000000000
16623449944,138,3,0,0.0000000000
16623449944,138,3,0,0.0000000000
16623449944,138,3,0,0.0000000000
16623449944,138,3,0,0.0000000000
16623449944,138,3,0,0.0000000000
16623449944,138,3,0,0.0000000000
16623449944,138,3,0,0.0000000000
16623523153,139,3,0,0.0000000000
16623523153,139,3,0,0.0000000000
16623523153,139,3,0,0.0000000000
16623523153,139,3,0,0.0000000000
16623523153,139,3,0,0.0000000000
16623523153,139,3,0,0.0000000000
16623523153,139,3,0,0.0000000000
16623523153,139,3,0,0.0000000000
16623526498,140,3,0,0.0000000000
16623526498,140,3,0,0.0000000000
16623526498,140,3,0,0.0000000000
16623526498,140,3,0,0.0000000000
16623526498,140,3,0,0.0000000000
16623526498,140,3,0,0.0000000000
16623526498,140,3,0,0.0000000000
16623526498,140,3,0,0.0000000000
16623538961,141,3,0,0.0000000000
16623538961,141,3,0,0.0000000000
16623538961,141,3,0,0.0000000000
16623538961,141,3,0,0.0000000000
16623538961,141,3,0,0.0000000000
16623538961,141,3,0,0.0000000000
16623538961,141,3,0,0.0000000000
16623538961,141,3,0,0.0000000000
16623576511,142,3,0,0.0000000000
16623576511,142,3,0,0.0000000000
16623576511,142,3,0,0.0000000000
16623576511,142,3,0,0.0000000000
16623576511,142,3,0,0.0000000000
16623576511,142,3,0,0.0000000000
16623576511,142,3,0,0.0000000000
16623576511,142,3,0,0.0000000000
16623622725,143,3,0,0.0000000000
16623622725,143,3,0,0.0000000000
16623622725,143,3,0,0.0000000000
16623622725,143,3,0,0.0000000000
16623622725,143,3,0,0.0000000000
16623622725,143,3,0,0.0000000000
16623622725,143,3,0,0.0000000000
16623622725,143,3,0,0.0000000000
16623682790,144,3,0,0.0000000000
16623682790,144,3,0,0.0000000000
16623682790,144,3,0,0.0000000000
16623682790,144,3,0,0.0000000000
16623682790,144,3,0,0.0000000000
16623682790,144,3,0,0.0000000000
16623682790,144,3,0,0.0000000000
16623682790,144,3,0,0.0000000000
16623702604,145,3,0,0.0000000000
16623702604,145,3,0,0.0000000000
16623702604,145,3,0,0.0000000000
16623702604,145,3,0,0.0000000000
16623702604,145,3,0,0.0000000000
16623702604,145,3,0,0.0000000000
16623702604,145,3,0,0.0000000000
16623702604,145,3,0,0.0000000000
16623713753,146,3,0,0.0000000000
16623713753,146,3,0,0.0000000000
16623713753,146,3,0,0.0000000000
16623713753,146,3,0,0.0000000000
16623713753,146,3,0,0.0000000000
16623713753,146,3,0,0.0000000000
16623713753,146,3,0,0.0000000000
16623713753,146,3,0,0.0000000000
16623757696,147,3,0,0.0000000000
16623757696,147,3,0,0.0000000000
16623757696,147,3,0,0.0000000000
16623757696,147,3,0,0.0000000000
16623757696,147,3,0,0.0000000000
16623757696,147,3,0,0.0000000000
16623757696,147,3,0,0.0000000000
16623757696,147,3,0,0.0000000000
16623764004,148,3,0,0.0000000000
16623764004,148,3,0,0.0000000000
16623764004,148,3,0,0.0000000000
16623764004,148,3,0,0.0000000000
16623764004,148,3,0,0.0000000000
16623764004,148,3,0,0.0000000000
16623764004,148,3,0,0.0000000000
16623764004,148,3,0,0.0000000000
16623795321,149,3,0,0.0000000000
16623795321,149,3,0,0.0000000000
16623795321,149,3,0,0.0000000000
16623795321,149,3,0,0.0000000000
16623795321,149,3,0,0.0000000000
16623795321,149,3,0,0.0000000000
16623795321,149,3,0,0.0000000000
16623795321,149,3,0,0.0000000000
16623821494,150,3,0,0.0000000000
16623821494,150,3,0,0.0000000000
16623821494,150,3,0,0.0000000000
16623821494,150,3,0,0.0000000000
16623821494,150,3,0,0.0000000000
16623821494,150,3,0,0.0000000000
16623821494,150,3,0,0.0000000000
16623821494,150,3,0,0.0000000000
16623879095,151,3,0,0.0000000000
16623879095,151,3,0,0.0000000000
16623879095,151,3,0,0.0000000000
16623879095,151,3,0,0.0000000000
16623879095,151,3,0,0.0000000000
16623879095,151,3,0,0.0000000000
16623879095,151,3,0,0.0000000000
16623879095,151,3,0,0.0000000000
16623923980,152,3,0,0.0000000000
16623923980,152,3,0,0.0000000000
16623923980,152,3,0,0.0000000000
16623923980,152,3,0,0.0000000000
16623923980,152,3,0,0.0000000000
16623923980,152,3,0,0.0000000000
16623923980,152,3,0,0.0000000000
16623923980,152,3,0,0.0000000000
16623948726,153,3,0,0.0000000000
16623948726,153,3,0,0.0000000000
16623948726,153,3,0,0.0000000000
16623948726,153,3,0,0.0000000000
16623948726,153,3,0,0.0000000000
16623948726,153,3,0,0.0000000000
16623948726,153,3,0,0.0000000000
16623948726,153,3,0,0.0000000000
16623964835,154,3,0,0.0000000000
16623964835,154,3,0,0.0000000000
16623964835,154,3,0,0.0000000000
16623964835,154,3,0,0.0000000000
16623964835,154,3,0,0.0000000000
16623964835,154,3,0,0.0000000000
16623964835,154,3,0,0.0000000000
16623964835,154,3,0,0.0000000000
16623991163,155,3,0,0.0000000000
16623991163,155,3,0,0.0000000000
16623991163,155,3,0,0.0000000000
16623991163,155,3,0,0.0000000000
16623991163,155,3,0,0.0000000000
16623991163,155,3,0,0.0000000000
16623991163,155,3,0,0.0000000000
16623991163,155,3,0,0.0000000000
16624065121,156,3,0,0.0000000000
16624065121,156,3,0,0.0000000000
16624065121,156,3,0,0.0000000000
16624065121,156,3,0,0.0000000000
16624065121,156,3,0,0.0000000000
16624065121,156,3,0,0.0000000000
16624065121,156,3,0,0.0000000000
16624065121,156,3,0,0.0000000000
16624082716,157,3,0,0.0000000000
16624082716,157,3,0,0.0000000000
16624082716,157,3,0,0.0000000000
16624082716,157,3,0,0.0000000000
16624082716,157,3,0,0.0000000000
16624082716,157,3,0,0.0000000000
16624082716,157,3,0,0.0000000000
16624082716,157,3,0,0.0000000000
16624090078,158,3,0,0.0000000000
16624090078,158,3,0,0.0000000000
16624090078,158,3,0,0.0000000000
16624090078,158,3,0,0.0000000000
16624090078,158,3,0,0.0000000000
16624090078,158,3,0,0.0000000000
16624090078,158,3,0,0.0000000000
16624090078,158,3,0,0.0000000000
16624109091,159,3,0,0.0000000000
16624109091,159,3,0,0.0000000000
16624109091,159,3,0,0.0000000000
16624109091,159,3,0,0.0000000000
16624109091,159,3,0,0.0000000000
16624109091,159,3,0,0.0000000000
16624109091,159,3,0,0.0000000000
16624109091,159,3,0,0.0000000000
16624140237,160,3,0,0.0000000000
16624140237,160,3,0,0.0000000000
16624140237,160,3,0,0.0000000000
16624140237,160,3,0,0.0000000000
16624140237,160,3,0,0.0000000000
16624140237,160,3,0,0.0000000000
16624140237,160,3,0,0.0000000000
16624140237,160,3,0,0.0000000000
16624188911,161,3,0,0.0000000000
16624188911,161,3,0,0.0000000000
16624188911,161,3,0,0.0000000000
16624188911,161,3,0,0.0000000000
16624188911,161,3,0,0.0000000000
16624188911,161,3,0,0.0000000000
16624188911,161,3,0,0.0000000000
16624188911,161,3,0,0.0000000000
16624192707,162,3,0,0.0000000000
16624192707,162,3,0,0.0000000000
16624192707,162,3,0,0.0000000000
16624192707,162,3,0,0.0000000000
16624192707,162,3,0,0.0000000000
16624192707,162,3,0,0.0000000000
16624192707,162,3,0,0.0000000000
16624192707,162,3,0,0.0000000000
16624241194,163,3,0,0.0000000000
16624241194,163,3,0,0.0000000000
16624241194,163,3,0,0.0000000000
16624241194,163,3,0,0.0000000000
16624241194,163,3,0,0.0000000000
16624241194,163,3,0,0.0000000000
16624241194,163,3,0,0.0000000000
16624241194,163,3,0,0.0000000000
16624260061,164,3,0,0.0000000000
16624260061,164,3,0,0.0000000000
16624260061,164,3,0,0.0000000000
16624260061,164,3,0,0.0000000000
16624260061,164,3,0,0.0000000000
16624260061,164,3,0,0.0000000000
16624260061,164,3,0,0.0000000000
16624260061,164,3,0,0.0000000000
16624296224,165,3,0,0.0000000000
16624296224,165,3,0,0.0000000000
16624296224,165,3,0,0.0000000000
16624296224,165,3,0,0.0000000000
16624296224,165,3,0,0.0000000000
16624296224,165,3,0,0.0000000000
16624296224,165,3,0,0.0000000000
16624296224,165,3,0,0.0000000000
16624340099,166,3,0,0.0000000000
16624340099,166,3,0,0.0000000000
16624340099,166,3,0,0.0000000000
16624340099,166,3,0,0.0000000000
16624340099,166,3,0,0.0000000000
16624340099,166,3,0,0.0000000000
16624340099,166,3,0,0.0000000000
16624340099,166,3,0,0.0000000000
16624362446,167,3,0,0.0000000000
16624362446,167,3,0,0.0000000000
16624362446,167,3,0,0.0000000000
16624362446,167,3,0,0.0000000000
16624362446,167,3,0,0.0000000000
16624362446,167,3,0,0.0000000000
16624362446,167,3,0,0.0000000000
16624362446,167,3,0,0.0000000000
16624421192,168,3,0,0.0000000000
16624421192,168,3,0,0.0000000000
16624421192,168,3,0,0.0000000000
16624421192,168,3,0,0.0000000000
16624421192,168,3,0,0.0000000000
16624421192,168,3,0,0.0000000000
16624421192,168,3,0,0.0000000000
16624421192,168,3,0,0.0000000000
16624435184,169,3,0,0.0000000000
16624435184,169,3,0,0.0000000000
16624435184,169,3,0,0.0000000000
16624435184,169,3,0,0.0000000000
16624435184,169,3,0,0.0000000000
16624435184,169,3,0,0.0000000000
16624435184,169,3,0,0.0000000000
16624435184,169,3,0,0.0000000000
16624458818,170,3,0,0.0000000000
16624458818,170,3,0,0.0000000000
16624458818,170,3,0,0.0000000000
16624458818,170,3,0,0.0000000000
16624458818,170,3,0,0.0000000000
16624458818,170,3,0,0.0000000000
16624458818,170,3,0,0.0000000000
16624458818,170,3,0,0.0000000000
16624476371,171,3,0,0.0000000000
16624476371,171,3,0,0.0000000000
16624476371,171,3,0,0.0000000000
16624476371,171,3,0,0.0000000000
16624476371,171,3,0,0.0000000000
16624476371,171,3,0,0.0000000000
16624476371,171,3,0,0.0000000000
16624476371,171,3,0,0.0000000000
16624527488,172,3,0,0.0000000000
16624527488,172,3,0,0.0000000000
16624527488,172,3,0,0.0000000000
16624527488,172,3,0,0.0000000000
16624527488,172,3,0,0.0000000000
16624527488,172,3,0,0.0000000000
16624527488,172,3,0,0.0000000000
16624527488,172,3,0,0.0000000000
16624577844,173,3,0,0.0000000000
16624577844,173,3,0,0.0000000000
16624577844,173,3,0,0.0000000000
16624577844,173,3,0,0.0000000000
16624577844,173,3,0,0.0000000000
16624577844,173,3,0,0.0000000000
16624577844,173,3,0,0.0000000000
16624577844,173,3,0,0.0000000000
16624588918,174,3,0,0.0000000000
16624588918,174,3,0,0.0000000000
16624588918,174,3,0,0.0000000000
16624588918,174,3,0,0.0000000000
16624588918,174,3,0,0.0000000000
16624588918,174,3,0,0.0000000000
16624588918,174,3,0,0.0000000000
16624588918,174,3,0,0.0000000000
16624607586,175,3,0,0.0000000000
16624607586,175,3,0,0.0000000000
16624607586,175,3,0,0.0000000000
16624607586,175,3,0,0.0000000000
16624607586,175,3,0,0.0000000000
16624607586,175,3,0,0.0000000000
16624607586,175,3,0,0.0000000000
16624607586,175,3,0,0.0000000000
16624675330,176,3,0,0.0000000000
16624675330,176,3,0,0.0000000000
16624675330,176,3,0,0.0000000000
16624675330,176,3,0,0.0000000000
16624675330,176,3,0,0.0000000000
16624675330,176,3,0,0.0000000000
16624675330,176,3,0,0.0000000000
16624675330,176,3,0,0.0000000000
16624686166,177,3,0,0.0000000000
16624686166,177,3,0,0.0000000000
16624686166,177,3,0,0.0000000000
16624686166,177,3,0,0.0000000000
16624686166,177,3,0,0.0000000000
16624686166,177,3,0,0.0000000000
16624686166,177,3,0,0.0000000000
16624686166,177,3,0,0.0000000000
16624696641,178,3,0,0.0000000000
16624696641,178,3,0,0.0000000000
16624696641,178,3,0,0.0000000000
16624696641,178,3,0,0.0000000000
16624696641,178,3,0,0.0000000000
16624696641,178,3,0,0.0000000000
16624696641,178,3,0,0.0000000000
16624696641,178,3,0,0.0000000000
16624790319,179,3,0,0.0000000000
16624790319,179,3,0,0.0000000000
16624790319,179,3,0,0.0000000000
16624790319,179,3,0,0.0000000000
16624790319,179,3,0,0.0000000000
16624790319,179,3,0,0.0000000000
16624790319,179,3,0,0.0000000000
16624790319,179,3,0,0.0000000000
16624802426,180,3,0,0.0000000000
16624802426,180,3,0,0.0000000000
16624802426,180,3,0,0.0000000000
16624802426,180,3,0,0.0000000000
16624802426,180,3,0,0.0000000000
16624802426,180,3,0,0.0000000000
16624802426,180,3,0,0.0000000000
16624802426,180,3,0,0.0000000000
16624821224,181,3,0,0.0000000000
16624821224,181,3,0,0.0000000000
16624821224,181,3,0,0.0000000000
16624821224,181,3,0,0.0000000000
16624821224,181,3,0,0.0000000000
16624821224,181,3,0,0.0000000000
16624821224,181,3,0,0.0000000000
16624821224,181,3,0,0.0000000000
16624832453,182,3,0,0.0000000000
16624832453,182,3,0,0.0000000000
16624832453,182,3,0,0.0000000000
16624832453,182,3,0,0.0000000000
16624832453,182,3,0,0.0000000000
16624832453,182,3,0,0.0000000000
16624832453,182,3,0,0.0000000000
16624832453,182,3,0,0.0000000000
16624872712,183,3,0,0.0000000000
16624872712,183,3,0,0.0000000000
16624872712,183,3,0,0.0000000000
16624872712,183,3,0,0.0000000000
16624872712,183,3,0,0.0000000000
16624872712,183,3,0,0.0000000000
16624872712,183,3,0,0.0000000000
16624872712,183,3,0,0.0000000000
16624887851,184,3,0,0.0000000000
16624887851,184,3,0,0.0000000000
16624887851,184,3,0,0.0000000000
16624887851,184,3,0,0.0000000000
16624887851,184,3,0,0.0000000000
16624887851,184,3,0,0.0000000000
16624887851,184,3,0,0.0000000000
16624887851,184,3,0,0.0000000000
16624919934,185,3,0,0.0000000000
16624919934,185,3,0,0.0000000000
16624919934,185,3,0,0.0000000000
16624919934,185,3,0,0.0000000000
16624919934,185,3,0,0.0000000000
16624919934,185,3,0,0.0000000000
16624919934,185,3,0,0.0000000000
16624919934,185,3,0,0.0000000000
16624960185,186,3,0,0.0000000000
16624960185,186,3,0,0.0000000000
16624960185,186,3,0,0.0000000000
16624960185,186,3,0,0.0000000000
16624960185,186,3,0,0.0000000000
16624960185,186,3,0,0.0000000000
16624960185,186,3,0,0.0000000000
16624960185,186,3,0,0.0000000000
16625011594,187,3,0,0.0000000000
16625011594,187,3,0,0.0000000000
16625011594,187,3,0,0.0000000000
16625011594,187,3,0,0.0000000000
16625011594,187,3,0,0.0000000000
16625011594,187,3,0,0.0000000000
16625011594,187,3,0,0.0000000000
16625011594,187,3,0,0.0000000000
16625036382,188,3,0,0.0000000000
16625036382,188,3,0,0.0000000000
16625036382,188,3,0,0.0000000000
16625036382,188,3,0,0.0000000000
16625036382,188,3,0,0.0000000000
16625036382,188,3,0,0.0000000000
16625036382,188,3,0,0.0000000000
16625036382,188,3,0,0.0000000000
16625050209,189,3,0,0.0000000000
16625050209,189,3,0,0.0000000000
16625050209,189,3,0,0.0000000000
16625050209,189,3,0,0.0000000000
16625050209,189,3,0,0.0000000000
16625050209,189,3,0,0.0000000000
16625050209,189,3,0,0.0000000000
16625050209,189,3,0,0.0000000000
16625071716,190,3,0,0.0000000000
16625071716,190,3,0,0.0000000000
16625071716,190,3,0,0.0000000000
16625071716,190,3,0,0.0000000000
16625071716,190,3,0,0.0000000000
16625071716,190,3,0,0.0000000000
16625071716,190,3,0,0.0000000000
16625071716,190,3,0,0.0000000000
16625159052,191,3,0,0.0000000000
16625159052,191,3,0,0.0000000000
16625159052,191,3,0,0.0000000000
16625159052,191,3,0,0.0000000000
16625159052,191,3,0,0.0000000000
16625159052,191,3,0,0.0000000000
16625159052,191,3,0,0.0000000000
16625159052,191,3,0,0.0000000000
16625200143,192,3,0,0.0000000000
16625200143,192,3,0,0.0000000000
16625200143,192,3,0,0.0000000000
16625200143,192,3,0,0.0000000000
16625200143,192,3,0,0.0000000000
16625200143,192,3,0,0.0000000000
16625200143,192,3,0,0.0000000000
16625200143,192,3,0,0.0000000000
16625214936,193,3,0,0.0000000000
16625214936,193,3,0,0.0000000000
16625214936,193,3,0,0.0000000000
16625214936,193,3,0,0.0000000000
16625214936,193,3,0,0.0000000000
16625214936,193,3,0,0.0000000000
16625214936,193,3,0,0.0000000000
16625214936,193,3,0,0.0000000000
16625227335,194,3,0,0.0000000000
16625227335,194,3,0,0.0000000000
16625227335,194,3,0,0.0000000000
16625227335,194,3,0,0.0000000000
16625227335,194,3,0,0.0000000000
16625227335,194,3,0,0.0000000000
16625227335,194,3,0,0.0000000000
16625227335,194,3,0,0.0000000000
16625240123,195,3,0,0.0000000000
16625240123,195,3,0,0.0000000000
16625240123,195,3,0,0.0000000000
16625240123,195,3,0,0.0000000000
16625240123,195,3,0,0.0000000000
16625240123,195,3,0,0.0000000000
16625240123,195,3,0,0.0000000000
16625240123,195,3,0,0.0000000000
16625260224,196,3,0,0.0000000000
16625260224,196,3,0,0.0000000000
16625260224,196,3,0,0.0000000000
16625260224,196,3,0,0.0000000000
16625260224,196,3,0,0.0000000000
16625260224,196,3,0,0.0000000000
16625260224,196,3,0,0.0000000000
16625260224,196,3,0,0.0000000000
16625287704,197,3,0,0.0000000000
16625287704,197,3,0,0.0000000000
16625287704,197,3,0,0.0000000000
16625287704,197,3,0,0.0000000000
16625287704,197,3,0,0.0000000000
16625287704,197,3,0,0.0000000000
16625287704,197,3,0,0.0000000000
16625287704,197,3,0,0.0000000000
16625319891,198,3,0,0.0000000000
16625319891,198,3,0,0.0000000000
16625319891,198,3,0,0.0000000000
16625319891,198,3,0,0.0000000000
16625319891,198,3,0,0.0000000000
16625319891,198,3,0,0.0000000000
16625319891,198,3,0,0.0000000000
16625319891,198,3,0,0.0000000000
16625361462,199,3,0,0.0000000000
16625361462,199,3,0,0.0000000000
16625361462,199,3,0,0.0000000000
16625361462,199,3,0,0.0000000000
16625361462,199,3,0,0.0000000000
16625361462,199,3,0,0.0000000000
16625361462,199,3,0,0.0000000000
16625361462,199,3,0,0.0000000000
16625387396,200,3,0,0.0000000000
16625387396,200,3,0,0.0000000000
16625387396,200,3,0,0.0000000000
16625387396,200,3,0,0.0000000000
16625387396,200,3,0,0.0000000000
16625387396,200,3,0,0.0000000000
16625387396,200,3,0,0.0000000000
16625387396,200,3,0,0.0000000000
16625421549,201,3,0,0.0000000000
16625421549,201,3,0,0.0000000000
16625421549,201,3,0,0.0000000000
16625421549,201,3,0,0.0000000000
16625421549,201,3,0,0.0000000000
16625421549,201,3,0,0.0000000000
16625421549,201,3,0,0.0000000000
16625421549,201,3,0,0.0000000000
16625445330,202,3,0,0.0000000000
16625445330,202,3,0,0.0000000000
16625445330,202,3,0,0.0000000000
16625445330,202,3,0,0.0000000000
16625445330,202,3,0,0.0000000000
16625445330,202,3,0,0.0000000000
16625445330,202,3,0,0.0000000000
16625445330,202,3,0,0.0000000000
16625527901,203,3,0,0.0000000000
16625527901,203,3,0,0.0000000000
16625527901,203,3,0,0.0000000000
16625527901,203,3,0,0.0000000000
16625527901,203,3,0,0.0000000000
16625527901,203,3,0,0.0000000000
16625527901,203,3,0,0.0000000000
16625527901,203,3,0,0.0000000000
16625540276,204,3,0,0.0000000000
16625540276,204,3,0,0.0000000000
16625540276,204,3,0,0.0000000000
16625540276,204,3,0,0.0000000000
16625540276,204,3,0,0.0000000000
16625540276,204,3,0,0.0000000000
16625540276,204,3,0,0.0000000000
16625540276,204,3,0,0.0000000000
16625559161,205,3,0,0.0000000000
16625559161,205,3,0,0.0000000000
16625559161,205,3,0,0.0000000000
16625559161,205,3,0,0.0000000000
16625559161,205,3,0,0.0000000000
16625559161,205,3,0,0.0000000000
16625559161,205,3,0,0.0000000000
16625559161,205,3,0,0.0000000000
16625571147,206,3,0,0.0000000000
16625571147,206,3,0,0.0000000000
16625571147,206,3,0,0.0000000000
16625571147,206,3,0,0.0000000000
16625571147,206,3,0,0.0000000000
16625571147,206,3,0,0.0000000000
16625571147,206,3,0,0.0000000000
16625571147,206,3,0,0.0000000000
16625614924,207,3,0,0.0000000000
16625614924,207,3,0,0.0000000000
16625614924,207,3,0,0.0000000000
16625614924,207,3,0,0.0000000000
16625614924,207,3,0,0.0000000000
16625614924,207,3,0,0.0000000000
16625614924,207,3,0,0.0000000000
16625614924,207,3,0,0.0000000000
16625632422,208,3,0,0.0000000000
16625632422,208,3,0,0.0000000000
16625632422,208,3,0,0.0000000000
16625632422,208,3,0,0.0000000000
16625632422,208,3,0,0.0000000000
16625632422,208,3,0,0.0000000000
16625632422,208,3,0,0.0000000000
16625632422,208,3,0,0.0000000000
16625664785,209,3,0,0.0000000000
16625664785,209,3,0,0.0000000000
16625664785,209,3,0,0.0000000000
16625664785,209,3,0,0.0000000000
16625664785,209,3,0,0.0000000000
16625664785,209,3,0,0.0000000000
16625664785,209,3,0,0.0000000000
16625664785,209,3,0,0.0000000000
16625707406,210,3,0,0.0000000000
16625707406,210,3,0,0.0000000000
16625707406,210,3,0,0.0000000000
16625707406,210,3,0,0.0000000000
16625707406,210,3,0,0.0000000000
16625707406,210,3,0,0.0000000000
16625707406,210,3,0,0.0000000000
16625707406,210,3,0,0.0000000000
16625732409,211,3,0,0.0000000000
16625732409,211,3,0,0.0000000000
16625732409,211,3,0,0.0000000000
16625732409,211,3,0,0.0000000000
16625732409,211,3,0,0.0000000000
16625732409,211,3,0,0.0000000000
16625732409,211,3,0,0.0000000000
16625732409,211,3,0,0.0000000000
16625763124,212,3,0,0.0000000000
16625763124,212,3,0,0.0000000000
16625763124,212,3,0,0.0000000000
16625763124,212,3,0,0.0000000000
16625763124,212,3,0,0.0000000000
16625763124,212,3,0,0.0000000000
16625763124,212,3,0,0.0000000000
16625763124,212,3,0,0.0000000000
16625787845,213,3,0,0.0000000000
16625787845,213,3,0,0.0000000000
16625787845,213,3,0,0.0000000000
16625787845,213,3,0,0.0000000000
16625787845,213,3,0,0.0000000000
16625787845,213,3,0,0.0000000000
16625787845,213,3,0,0.0000000000
16625787845,213,3,0,0.0000000000
16625919958,214,3,0,0.0000000000
16625919958,214,3,0,0.0000000000
16625919958,214,3,0,0.0000000000
16625919958,214,3,0,0.0000000000
16625919958,214,3,0,0.0000000000
16625919958,214,3,0,0.0000000000
16625919958,214,3,0,0.0000000000
16625919958,214,3,0,0.0000000000
16625938949,215,3,0,0.0000000000
16625938949,215,3,0,0.0000000000
16625938949,215,3,0,0.0000000000
16625938949,215,3,0,0.0000000000
16625938949,215,3,0,0.0000000000
16625938949,215,3,0,0.0000000000
16625938949,215,3,0,0.0000000000
16625938949,215,3,0,0.0000000000
16625949036,216,3,0,0.0000000000
16625949036,216,3,0,0.0000000000
16625949036,216,3,0,0.0000000000
16625949036,216,3,0,0.0000000000
16625949036,216,3,0,0.0000000000
16625949036,216,3,0,0.0000000000
16625949036,216,3,0,0.0000000000
16625949036,216,3,0,0.0000000000
16625963896,217,3,0,0.0000000000
16625963896,217,3,0,0.0000000000
16625963896,217,3,0,0.0000000000
16625963896,217,3,0,0.0000000000
16625963896,217,3,0,0.0000000000
16625963896,217,3,0,0.0000000000
16625963896,217,3,0,0.0000000000
16625963896,217,3,0,0.0000000000
16625977613,218,3,0,0.0000000000
16625977613,218,3,0,0.0000000000
16625977613,218,3,0,0.0000000000
16625977613,218,3,0,0.0000000000
16625977613,218,3,0,0.0000000000
16625977613,218,3,0,0.0000000000
16625977613,218,3,0,0.0000000000
16625977613,218,3,0,0.0000000000
16626013975,219,3,0,0.0000000000
16626013975,219,3,0,0.0000000000
16626013975,219,3,0,0.0000000000
16626013975,219,3,0,0.0000000000
16626013975,219,3,0,0.0000000000
16626013975,219,3,0,0.0000000000
16626013975,219,3,0,0.0000000000
16626013975,219,3,0,0.0000000000
16626019967,220,3,0,0.0000000000
16626019967,220,3,0,0.0000000000
16626019967,220,3,0,0.0000000000
16626019967,220,3,0,0.0000000000
16626019967,220,3,0,0.0000000000
16626019967,220,3,0,0.0000000000
16626019967,220,3,0,0.0000000000
16626019967,220,3,0,0.0000000000
16626048659,221,3,0,0.0000000000
16626048659,221,3,0,0.0000000000
16626048659,221,3,0,0.0000000000
16626048659,221,3,0,0.0000000000
16626048659,221,3,0,0.0000000000
16626048659,221,3,0,0.0000000000
16626048659,221,3,0,0.0000000000
16626048659,221,3,0,0.0000000000
16626087734,222,3,0,0.0000000000
16626087734,222,3,0,0.0000000000
16626087734,222,3,0,0.0000000000
16626087734,222,3,0,0.0000000000
16626087734,222,3,0,0.0000000000
16626087734,222,3,0,0.0000000000
16626087734,222,3,0,0.0000000000
16626087734,222,3,0,0.0000000000
16626132841,223,3,0,0.0000000000
16626132841,223,3,0,0.0000000000
16626132841,223,3,0,0.0000000000
16626132841,223,3,0,0.0000000000
16626132841,223,3,0,0.0000000000
16626132841,223,3,0,0.0000000000
16626132841,223,3,0,0.0000000000
16626132841,223,3,0,0.0000000000
16626151084,224,3,0,0.0000000000
16626151084,224,3,0,0.0000000000
16626151084,224,3,0,0.0000000000
16626151084,224,3,0,0.0000000000
16626151084,224,3,0,0.0000000000
16626151084,224,3,0,0.0000000000
16626151084,224,3,0,0.0000000000
16626151084,224,3,0,0.0000000000
16626185353,225,3,0,0.0000000000
16626185353,225,3,0,0.0000000000
16626185353,225,3,0,0.0000000000
16626185353,225,3,0,0.0000000000
16626185353,225,3,0,0.0000000000
16626185353,225,3,0,0.0000000000
16626185353,225,3,0,0.0000000000
16626185353,225,3,0,0.0000000000
16626201429,226,3,0,0.0000000000
16626201429,226,3,0,0.0000000000
16626201429,226,3,0,0.0000000000
16626201429,226,3,0,0.0000000000
16626201429,226,3,0,0.0000000000
16626201429,226,3,0,0.0000000000
16626201429,226,3,0,0.0000000000
16626201429,226,3,0,0.0000000000
16626269863,227,3,0,0.0000000000
16626269863,227,3,0,0.0000000000
16626269863,227,3,0,0.0000000000
16626269863,227,3,0,0.0000000000
16626269863,227,3,0,0.0000000000
16626269863,227,3,0,0.0000000000
16626269863,227,3,0,0.0000000000
16626269863,227,3,0,0.0000000000
16626285183,228,3,0,0.0000000000
16626285183,228,3,0,0.0000000000
16626285183,228,3,0,0.0000000000
16626285183,228,3,0,0.0000000000
16626285183,228,3,0,0.0000000000
16626285183,228,3,0,0.0000000000
16626285183,228,3,0,0.0000000000
16626285183,228,3,0,0.0000000000
16626303655,229,3,0,0.0000000000
16626303655,229,3,0,0.0000000000
16626303655,229,3,0,0.0000000000
16626303655,229,3,0,0.0000000000
16626303655,229,3,0,0.0000000000
16626303655,229,3,0,0.0000000000
16626303655,229,3,0,0.0000000000
16626303655,229,3,0,0.0000000000
16626321208,230,3,0,0.0000000000
16626321208,230,3,0,0.0000000000
16626321208,230,3,0,0.0000000000
16626321208,230,3,0,0.0000000000
16626321208,230,3,0,0.0000000000
16626321208,230,3,0,0.0000000000
16626321208,230,3,0,0.0000000000
16626321208,230,3,0,0.0000000000
16626373983,231,3,0,0.0000000000
16626373983,231,3,0,0.0000000000
16626373983,231,3,0,0.0000000000
16626373983,231,3,0,0.0000000000
16626373983,231,3,0,0.0000000000
16626373983,231,3,0,0.0000000000
16626373983,231,3,0,0.0000000000
16626373983,231,3,0,0.0000000000
16626386261,232,3,0,0.0000000000
16626386261,232,3,0,0.0000000000
16626386261,232,3,0,0.0000000000
16626386261,232,3,0,0.0000000000
16626386261,232,3,0,0.0000000000
16626386261,232,3,0,0.0000000000
16626386261,232,3,0,0.0000000000
16626386261,232,3,0,0.0000000000
16626414776,233,3,0,0.0000000000
16626414776,233,3,0,0.0000000000
16626414776,233,3,0,0.0000000000
16626414776,233,3,0,0.0000000000
16626414776,233,3,0,0.0000000000
16626414776,233,3,0,0.0000000000
16626414776,233,3,0,0.0000000000
16626414776,233,3,0,0.0000000000
16626445357,234,3,0,0.0000000000
16626445357,234,3,0,0.0000000000
16626445357,234,3,0,0.0000000000
16626445357,234,3,0,0.0000000000
16626445357,234,3,0,0.0000000000
16626445357,234,3,0,0.0000000000
16626445357,234,3,0,0.0000000000
16626445357,234,3,0,0.0000000000
16626495011,235,3,0,0.0000000000
16626495011,235,3,0,0.0000000000
16626495011,235,3,0,0.0000000000
16626495011,235,3,0,0.0000000000
16626495011,235,3,0,0.0000000000
16626495011,235,3,0,0.0000000000
16626495011,235,3,0,0.0000000000
16626495011,235,3,0,0.0000000000
16626509070,236,3,0,0.0000000000
16626509070,236,3,0,0.0000000000
16626509070,236,3,0,0.0000000000
16626509070,236,3,0,0.0000000000
16626509070,236,3,0,0.0000000000
16626509070,236,3,0,0.0000000000
16626509070,236,3,0,0.0000000000
16626509070,236,3,0,0.0000000000
16626540123,237,3,0,0.0000000000
16626540123,237,3,0,0.0000000000
16626540123,237,3,0,0.0000000000
16626540123,237,3,0,0.0000000000
16626540123,237,3,0,0.0000000000
16626540123,237,3,0,0.0000000000
16626540123,237,3,0,0.0000000000
16626540123,237,3,0,0.0000000000
16626623520,238,3,0,0.0000000000
16626623520,238,3,0,0.0000000000
16626623520,238,3,0,0.0000000000
16626623520,238,3,0,0.0000000000
16626623520,238,3,0,0.0000000000
16626623520,238,3,0,0.0000000000
16626623520,238,3,0,0.0000000000
16626623520,238,3,0,0.0000000000
16626639754,239,3,0,0.0000000000
16626639754,239,3,0,0.0000000000
16626639754,239,3,0,0.0000000000
16626639754,239,3,0,0.0000000000
16626639754,239,3,0,0.0000000000
16626639754,239,3,0,0.0000000000
16626639754,239,3,0,0.0000000000
16626639754,239,3,0,0.0000000000
16626652251,240,3,0,0.0000000000
16626652251,240,3,0,0.0000000000
16626652251,240,3,0,0.0000000000
16626652251,240,3,0,0.0000000000
16626652251,240,3,0,0.0000000000
16626652251,240,3,0,0.0000000000
16626652251,240,3,0,0.0000000000
16626652251,240,3,0,0.0000000000
16626671243,241,3,0,0.0000000000
16626671243,241,3,0,0.0000000000
16626671243,241,3,0,0.0000000000
16626671243,241,3,0,0.0000000000
16626671243,241,3,0,0.0000000000
16626671243,241,3,0,0.0000000000
16626671243,241,3,0,0.0000000000
16626671243,241,3,0,0.0000000000
16626711305,242,3,0,0.0000000000
16626711305,242,3,0,0.0000000000
16626711305,242,3,0,0.0000000000
16626711305,242,3,0,0.0000000000
16626711305,242,3,0,0.0000000000
16626711305,242,3,0,0.0000000000
16626711305,242,3,0,0.0000000000
16626711305,242,3,0,0.0000000000
16626736112,243,3,0,0.0000000000
16626736112,243,3,0,0.0000000000
16626736112,243,3,0,0.0000000000
16626736112,243,3,0,0.0000000000
16626736112,243,3,0,0.0000000000
16626736112,243,3,0,0.0000000000
16626736112,243,3,0,0.0000000000
16626736112,243,3,0,0.0000000000
16626757364,244,3,0,0.0000000000
16626757364,244,3,0,0.0000000000
16626757364,244,3,0,0.0000000000
16626757364,244,3,0,0.0000000000
16626757364,244,3,0,0.0000000000
16626757364,244,3,0,0.0000000000
16626757364,244,3,0,0.0000000000
16626757364,244,3,0,0.0000000000
16626791130,245,3,0,0.0000000000
16626791130,245,3,0,0.0000000000
16626791130,245,3,0,0.0000000000
16626791130,245,3,0,0.0000000000
16626791130,245,3,0,0.0000000000
16626791130,245,3,0,0.0000000000
16626791130,245,3,0,0.0000000000
16626791130,245,3,0,0.0000000000
16626819871,246,3,0,0.0000000000
16626819871,246,3,0,0.0000000000
16626819871,246,3,0,0.0000000000
16626819871,246,3,0,0.0000000000
16626819871,246,3,0,0.0000000000
16626819871,246,3,0,0.0000000000
16626819871,246,3,0,0.0000000000
16626819871,246,3,0,0.0000000000
16626864862,247,3,0,0.0000000000
16626864862,247,3,0,0.0000000000
16626864862,247,3,0,0.0000000000
16626864862,247,3,0,0.0000000000
16626864862,247,3,0,0.0000000000
16626864862,247,3,0,0.0000000000
16626864862,247,3,0,0.0000000000
16626864862,247,3,0,0.0000000000
16626912714,248,3,0,0.0000000000
16626912714,248,3,0,0.0000000000
16626912714,248,3,0,0.0000000000
16626912714,248,3,0,0.0000000000
16626912714,248,3,0,0.0000000000
16626912714,248,3,0,0.0000000000
16626912714,248,3,0,0.0000000000
16626912714,248,3,0,0.0000000000
16626916395,249,3,0,0.0000000000
16626916395,249,3,0,0.0000000000
16626916395,249,3,0,0.0000000000
16626916395,249,3,0,0.0000000000
16626916395,249,3,0,0.0000000000
16626916395,249,3,0,0.0000000000
16626916395,249,3,0,0.0000000000
16626916395,249,3,0,0.0000000000
16626988906,250,3,0,0.0000000000
16626988906,250,3,0,0.0000000000
16626988906,250,3,0,0.0000000000
16626988906,250,3,0,0.0000000000
16626988906,250,3,0,0.0000000000
16626988906,250,3,0,0.0000000000
16626988906,250,3,0,0.0000000000
16626988906,250,3,0,0.0000000000
16627000159,251,3,0,0.0000000000
16627000159,251,3,0,0.0000000000
16627000159,251,3,0,0.0000000000
16627000159,251,3,0,0.0000000000
16627000159,251,3,0,0.0000000000
16627000159,251,3,0,0.0000000000
16627000159,251,3,0,0.0000000000
16627000159,251,3,0,0.0000000000
16627011486,252,3,0,0.0000000000
16627011486,252,3,0,0.0000000000
16627011486,252,3,0,0.0000000000
16627011486,252,3,0,0.0000000000
16627011486,252,3,0,0.0000000000
16627011486,252,3,0,0.0000000000
16627011486,252,3,0,0.0000000000
16627011486,252,3,0,0.0000000000
16627040113,253,3,0,0.0000000000
16627040113,253,3,0,0.0000000000
16627040113,253,3,0,0.0000000000
16627040113,253,3,0,0.0000000000
16627040113,253,3,0,0.0000000000
16627040113,253,3,0,0.0000000000
16627040113,253,3,0,0.0000000000
16627040113,253,3,0,0.0000000000
16627070060,254,3,0,0.0000000000
16627070060,254,3,0,0.0000000000
16627070060,254,3,0,0.0000000000
16627070060,254,3,0,0.0000000000
16627070060,254,3,0,0.0000000000
16627070060,254,3,0,0.0000000000
16627070060,254,3,0,0.0000000000
16627070060,254,3,0,0.0000000000
16627128916,255,3,0,0.0000000000
16627128916,255,3,0,0.0000000000
16627128916,255,3,0,0.0000000000
16627128916,255,3,0,0.0000000000
16627128916,255,3,0,0.0000000000
16627128916,255,3,0,0.0000000000
16627128916,255,3,0,0.0000000000
16627128916,255,3,0,0.0000000000
16627140183,256,3,0,0.0000000000
16627140183,256,3,0,0.0000000000
16627140183,256,3,0,0.0000000000
16627140183,256,3,0,0.0000000000
16627140183,256,3,0,0.0000000000
16627140183,256,3,0,0.0000000000
16627140183,256,3,0,0.0000000000
16627140183,256,3,0,0.0000000000
16627166397,257,3,0,0.0000000000
16627166397,257,3,0,0.0000000000
16627166397,257,3,0,0.0000000000
16627166397,257,3,0,0.0000000000
16627166397,257,3,0,0.0000000000
16627166397,257,3,0,0.0000000000
16627166397,257,3,0,0.0000000000
16627166397,257,3,0,0.0000000000
16627195244,258,3,0,0.0000000000
16627195244,258,3,0,0.0000000000
16627195244,258,3,0,0.0000000000
16627195244,258,3,0,0.0000000000
16627195244,258,3,0,0.0000000000
16627195244,258,3,0,0.0000000000
16627195244,258,3,0,0.0000000000
16627195244,258,3,0,0.0000000000
16627240129,259,3,0,0.0000000000
16627240129,259,3,0,0.0000000000
16627240129,259,3,0,0.0000000000
16627240129,259,3,0,0.0000000000
16627240129,259,3,0,0.0000000000
16627240129,259,3,0,0.0000000000
16627240129,259,3,0,0.0000000000
16627240129,259,3,0,0.0000000000
16627260213,260,3,0,0.0000000000
16627260213,260,3,0,0.0000000000
16627260213,260,3,0,0.0000000000
16627260213,260,3,0,0.0000000000
16627260213,260,3,0,0.0000000000
16627260213,260,3,0,0.0000000000
16627260213,260,3,0,0.0000000000
16627260213,260,3,0,0.0000000000
16627309438,261,3,0,0.0000000000
16627309438,261,3,0,0.0000000000
16627309438,261,3,0,0.0000000000
16627309438,261,3,0,0.0000000000
16627309438,261,3,0,0.0000000000
16627309438,261,3,0,0.0000000000
16627309438,261,3,0,0.0000000000
16627309438,261,3,0,0.0000000000
16627362785,262,3,0,0.0000000000
16627362785,262,3,0,0.0000000000
16627362785,262,3,0,0.0000000000
16627362785,262,3,0,0.0000000000
16627362785,262,3,0,0.0000000000
16627362785,262,3,0,0.0000000000
16627362785,262,3,0,0.0000000000
16627362785,262,3,0,0.0000000000
16627372766,263,3,0,0.0000000000
16627372766,263,3,0,0.0000000000
16627372766,263,3,0,0.0000000000
16627372766,263,3,0,0.0000000000
16627372766,263,3,0,0.0000000000
16627372766,263,3,0,0.0000000000
16627372766,263,3,0,0.0000000000
16627372766,263,3,0,0.0000000000
16627386504,264,3,0,0.0000000000
16627386504,264,3,0,0.0000000000
16627386504,264,3,0,0.0000000000
16627386504,264,3,0,0.0000000000
16627386504,264,3,0,0.0000000000
16627386504,264,3,0,0.0000000000
16627386504,264,3,0,0.0000000000
16627386504,264,3,0,0.0000000000
16627413974,265,3,0,0.0000000000
16627413974,265,3,0,0.0000000000
16627413974,265,3,0,0.0000000000
16627413974,265,3,0,0.0000000000
16627413974,265,3,0,0.0000000000
16627413974,265,3,0,0.0000000000
16627413974,265,3,0,0.0000000000
16627413974,265,3,0,0.0000000000
